sample,DGCCA_23,DGCCA_59,DGCCA_76
TCGA-05-4244-01,-0.0152543355,-0.017199224,-0.09041157
TCGA-05-4249-01,-0.13503608,-0.015535309,-0.06378665
TCGA-05-4250-01,-0.09094262,0.07338363,0.062494442
TCGA-05-4382-01,-0.0358822,0.04505522,-0.00041280244
TCGA-05-4384-01,0.014427508,0.009770753,0.05557651
TCGA-05-4389-01,0.13332926,0.0050319145,0.048292752
TCGA-05-4390-01,0.050535508,-0.04839725,-0.3213792
TCGA-05-4395-01,-0.03255356,0.0077259177,0.020705737
TCGA-05-4396-01,0.1416787,0.22446653,-0.04815584
TCGA-05-4397-01,-0.025278965,0.03352503,0.04226615
TCGA-05-4398-01,-0.07416159,-0.043331552,0.07413065
TCGA-05-4402-01,0.019951917,-0.06103385,0.03855802
TCGA-05-4403-01,-0.052805975,-0.041720297,0.08266351
TCGA-05-4405-01,-0.030140176,-0.04391121,-0.0050168377
TCGA-05-4410-01,0.10409978,0.0729492,-0.07423933
TCGA-05-4415-01,-0.03283021,-0.059221692,-0.11844846
TCGA-05-4417-01,-0.008752503,0.09944016,-0.025506549
TCGA-05-4418-01,-0.14172566,0.004213065,-0.0140428115
TCGA-05-4420-01,-0.043694373,-0.0052586365,-0.04003287
TCGA-05-4422-01,-0.07656605,-0.008077636,0.026888538
TCGA-05-4424-01,0.0044621285,0.03240592,0.025551746
TCGA-05-4425-01,-0.030774005,0.06846716,-0.07143044
TCGA-05-4426-01,-0.013570595,0.009394302,-0.025043415
TCGA-05-4427-01,-0.055969384,-0.029602258,-0.09148311
TCGA-05-4430-01,-0.097271815,-0.066130005,0.022610784
TCGA-05-4432-01,-0.026412256,0.026960742,-0.0106079215
TCGA-05-4433-01,0.05672713,-2.418279e-05,0.01102315
TCGA-05-4434-01,0.015200036,-0.029235432,0.015328253
TCGA-05-5420-01,0.023928778,-0.078039214,-0.030708097
TCGA-05-5420-11,-0.020343298,-0.056054056,0.028890157
TCGA-05-5423-01,-0.035101306,0.018551027,-0.026946407
TCGA-05-5425-01,-0.02946565,-0.06292584,0.070977755
TCGA-05-5428-01,-0.0024440316,0.06403995,-0.0067157997
TCGA-05-5429-01,0.010714329,0.015016301,-0.062015973
TCGA-05-5715-01,-0.011711891,-0.016139178,-0.029264214
TCGA-35-3615-01,0.012055323,-0.060951706,0.03315526
TCGA-35-4122-01,-0.023497846,-0.032960318,0.009017459
TCGA-35-4123-01,-0.1496504,-0.026093306,0.12121445
TCGA-35-5375-01,0.06657091,0.004762652,-0.047562238
TCGA-38-4625-01,-0.029908627,-0.07469955,0.008944735
TCGA-38-4625-11,-0.0008289721,0.0020073918,0.05712385
TCGA-38-4626-01,0.039202735,-0.02577081,0.051340614
TCGA-38-4626-11,0.039381795,0.028077278,-0.016707249
TCGA-38-4627-01,-0.0038147953,0.006805924,0.028934116
TCGA-38-4627-11,-0.048124798,0.0077510667,-0.023723455
TCGA-38-4628-01,-0.12561348,-0.024849119,0.009532171
TCGA-38-4629-01,0.09325198,0.012987251,-0.06687914
TCGA-38-4630-01,0.015322538,-0.005313687,0.009166111
TCGA-38-4631-01,0.06262469,0.08713465,0.032039825
TCGA-38-4631-11,0.03558891,0.08253477,0.05953296
TCGA-38-4632-01,0.06743261,-0.05129728,-0.0021546695
TCGA-38-4632-11,-0.01564033,0.046517525,-0.0103737535
TCGA-38-6178-01,-0.026269415,-0.04839238,0.083558775
TCGA-38-7271-01,-0.021298965,-0.043394826,0.016731171
TCGA-38-A44F-01,0.0009208489,-0.060433663,-0.020240203
TCGA-44-2655-01,-0.002174591,0.14544421,-0.046499852
TCGA-44-2655-11,0.0052773333,-0.01633211,0.014523786
TCGA-44-2656-01,0.015416493,0.028942175,0.015998114
TCGA-44-2656-11,-0.012417955,0.04831188,0.0274114
TCGA-44-2657-01,-0.054858934,-0.033901982,0.042314306
TCGA-44-2657-11,-0.014065327,0.018739136,0.010933338
TCGA-44-2659-01,-0.045794453,0.014799502,-0.0053182114
TCGA-44-2659-11,0.12983476,-0.03964088,-0.11009867
TCGA-44-2661-01,-0.025457319,-0.024827795,-0.03481186
TCGA-44-2661-11,0.04412323,-0.0023063715,0.103259586
TCGA-44-2662-01,0.029443784,0.014491088,-0.045127
TCGA-44-2662-11,0.05329954,0.0010329213,-0.035488307
TCGA-44-2665-01,0.059506927,-0.05288808,-0.048358254
TCGA-44-2665-11,-0.0063853413,-0.024284255,0.030966036
TCGA-44-2666-01,-0.08332688,0.0225933,-0.04486078
TCGA-44-2668-01,-0.016431117,0.034394428,0.0042323237
TCGA-44-2668-11,-0.019355653,0.05849809,0.03867579
TCGA-44-3396-01,-0.036945462,0.03141948,-0.007325985
TCGA-44-3396-11,-0.010052636,0.016692791,-0.040516075
TCGA-44-3398-01,-0.05632277,-0.037251204,0.05791411
TCGA-44-3398-11,-0.100467436,-0.028605655,-0.056962047
TCGA-44-3917-01,-0.013098589,0.021088026,-0.060712475
TCGA-44-3918-01,0.16713454,-0.16311106,-0.0069879266
TCGA-44-3919-01,-0.16130593,-0.00938614,-0.07417046
TCGA-44-4112-01,0.04079584,-0.06272646,-0.033512264
TCGA-44-5643-01,0.092554964,-0.06873564,-0.01910939
TCGA-44-5643-11,-0.065809354,-0.0422391,-0.04725404
TCGA-44-5644-01,-0.0008375052,-0.04117012,0.01234115
TCGA-44-5645-01,0.040348817,-0.02382091,0.019397598
TCGA-44-5645-11,0.04034062,-0.022687785,-0.01346651
TCGA-44-6144-01,0.041414205,-0.022088274,-0.05926625
TCGA-44-6144-11,0.019872548,0.020360362,0.00379816
TCGA-44-6145-01,-0.0015840128,-0.013452519,-0.019803114
TCGA-44-6145-11,-0.01114119,-0.020179143,-0.015883915
TCGA-44-6146-01,0.06540425,0.016819058,-0.032773905
TCGA-44-6146-11,0.059358492,-0.027262444,0.054744754
TCGA-44-6147-01,0.022170102,-0.025345702,0.005491115
TCGA-44-6147-11,0.10906955,-0.10076736,-0.15830784
TCGA-44-6148-01,-0.055368092,-0.023737144,0.049989767
TCGA-44-6148-11,0.040972378,-0.02858663,0.05668692
TCGA-44-6774-01,-0.03518852,-0.034017738,-0.023013229
TCGA-44-6775-01,0.12596038,-0.016183922,0.07757409
TCGA-44-6776-01,0.01190055,-0.028771846,0.06836774
TCGA-44-6776-11,-0.011694471,-0.009792516,0.037191626
TCGA-44-6777-01,-0.041659333,-0.06402019,0.057495855
TCGA-44-6777-11,-0.015172301,0.0076417644,-0.07966596
TCGA-44-6778-01,0.0057686707,-0.026095504,-0.06204605
TCGA-44-6778-11,0.035160374,0.03996448,-0.08672128
TCGA-44-6779-01,0.05399472,0.050450962,-0.060415644
TCGA-44-7659-01,0.009891206,-0.044885248,-0.023111578
TCGA-44-7659-11,-0.06461142,0.06854744,0.011349394
TCGA-44-7660-01,0.0631429,0.00394067,0.009260958
TCGA-44-7660-11,-0.0070283986,0.00013769434,-0.0028669145
TCGA-44-7661-01,-0.06508741,0.007159906,0.06364836
TCGA-44-7661-11,0.0035193495,0.0001965887,0.032590885
TCGA-44-7662-01,-0.05822238,-0.041045774,-0.108909346
TCGA-44-7662-11,-0.04034982,0.09949403,0.07785774
TCGA-44-7667-01,0.0009550238,-0.054344382,-0.05342509
TCGA-44-7667-11,-0.008906559,0.081532806,-0.0387616
TCGA-44-7669-01,0.001412968,0.024767177,0.0042537367
TCGA-44-7669-11,-0.00040131135,0.029138869,0.007831994
TCGA-44-7670-01,-0.01984867,-0.062197845,-0.05278668
TCGA-44-7670-11,-0.023582693,0.011629947,-0.08935896
TCGA-44-7671-01,0.07679379,-0.022130348,-0.10908454
TCGA-44-7671-11,0.0015115888,0.08660659,0.0025358
TCGA-44-7672-01,0.032005783,0.053158954,-0.032712515
TCGA-44-7672-11,0.008135605,-0.026903795,-0.024658496
TCGA-44-8117-01,0.052803032,-0.008575468,-0.0496207
TCGA-44-8119-01,0.00037901467,-0.026856026,-0.06750538
TCGA-44-8120-01,0.028110482,-0.11354832,0.045902215
TCGA-44-A479-01,0.09074037,0.042583156,-0.015946541
TCGA-44-A47A-01,-0.0064742872,-0.004247528,-0.051812153
TCGA-44-A47B-01,-0.022328792,0.088012494,0.010394216
TCGA-44-A47F-01,0.019421607,0.01947345,0.006939294
TCGA-44-A47G-01,0.037839405,-0.16365159,0.037231293
TCGA-44-A4SS-01,-0.01141071,-0.12620978,-0.027818356
TCGA-44-A4SU-01,0.022364238,0.034978386,-0.0017011268
TCGA-49-4486-01,0.13938123,-0.0040925136,0.022276243
TCGA-49-4487-01,-0.030927438,0.008214584,0.009233573
TCGA-49-4488-01,0.017490836,-0.007899177,-0.051417943
TCGA-49-4488-11,-0.07777056,-0.021005021,-0.023781724
TCGA-49-4490-01,-0.049055457,0.001542743,0.041111458
TCGA-49-4490-11,-0.008946558,-0.019590624,-0.004220072
TCGA-49-4494-01,-0.023540968,-0.06836821,0.025627036
TCGA-49-4501-01,-0.02222869,0.0101520885,-0.031590052
TCGA-49-4505-01,0.024410384,0.030154707,0.030659327
TCGA-49-4506-01,0.090324305,0.0063239667,0.06153436
TCGA-49-4507-01,-0.005611421,0.0019985791,0.01918938
TCGA-49-4510-01,-0.029687732,-0.0102609955,0.072421186
TCGA-49-4512-01,-0.0846964,-0.21101479,0.075043574
TCGA-49-4512-11,-0.11355098,-0.022130242,-0.022907175
TCGA-49-4514-01,-0.010544457,0.021386547,-0.0721778
TCGA-49-6742-01,-0.01597057,0.10069587,-0.027259985
TCGA-49-6742-11,0.040135823,-0.054387562,-0.014221754
TCGA-49-6743-01,0.017289901,-0.08807735,0.04066048
TCGA-49-6743-11,0.014939709,-0.028674858,0.0048151594
TCGA-49-6744-01,0.024734057,-0.002891395,-0.042509127
TCGA-49-6744-11,-0.04391982,-0.020002298,-0.013642849
TCGA-49-6745-01,0.02225836,-0.03333513,0.013185704
TCGA-49-6745-11,-0.059325837,0.05199765,0.00031511817
TCGA-49-6761-01,0.013410196,0.0050544743,0.0027441676
TCGA-49-6761-11,-0.028326795,0.027788784,0.020705443
TCGA-49-6767-01,-0.007331804,-0.0032360037,0.046203278
TCGA-49-AAQV-01,-0.020617027,-0.0072708633,0.0031274897
TCGA-49-AAR0-01,0.012965823,0.00028428904,0.15212001
TCGA-49-AAR2-01,-0.07005154,0.035992566,0.024097547
TCGA-49-AAR3-01,-0.018681118,-0.09241267,0.026976729
TCGA-49-AAR4-01,-0.00032687315,0.01507293,-0.0791996
TCGA-49-AAR9-01,-0.07269279,-0.06020274,-0.0082441
TCGA-49-AARE-01,-0.032921933,0.030000752,0.06761849
TCGA-49-AARN-01,-0.044361033,-0.01601329,-0.063280754
TCGA-49-AARO-01,0.039583825,-0.028271765,-0.034321968
TCGA-49-AARQ-01,0.018456023,-0.018223267,-0.02803215
TCGA-49-AARR-01,-0.055501696,-0.042202517,-0.0098246215
TCGA-4B-A93V-01,-0.01705557,-0.04073509,0.014156762
TCGA-50-5044-01,-0.06533801,0.12124777,-0.13026817
TCGA-50-5045-01,-0.0111427205,0.020343937,-0.0058027767
TCGA-50-5049-01,0.07494338,0.026360082,-0.12695283
TCGA-50-5051-01,0.01374618,-0.04563298,0.036847204
TCGA-50-5055-01,0.06082254,-0.12930028,-0.03626445
TCGA-50-5066-01,0.0101733785,-0.004164725,0.042695794
TCGA-50-5066-02,0.01805639,0.024756698,0.042295296
TCGA-50-5068-01,-0.030474637,-0.06650387,-0.014625033
TCGA-50-5072-01,0.070416,0.17418614,0.20076135
TCGA-50-5930-01,-0.02743462,-0.0015190903,-0.0490753
TCGA-50-5930-11,-0.013400713,-0.026647352,-0.0112541085
TCGA-50-5931-01,0.00024219997,0.015415972,0.023595467
TCGA-50-5931-11,0.026960185,-0.039272126,0.06768624
TCGA-50-5932-01,-0.025834383,0.043795425,0.037924286
TCGA-50-5932-11,-0.043536708,0.03525358,0.0032540238
TCGA-50-5933-01,0.015647441,0.03737373,0.01660227
TCGA-50-5933-11,0.0013700591,-0.01165029,-0.11146183
TCGA-50-5935-01,-0.091957815,0.028582312,-0.08253746
TCGA-50-5935-11,-0.029916357,0.019124297,-0.015044577
TCGA-50-5936-01,-0.008804311,-0.008590154,-0.0023262887
TCGA-50-5936-11,0.027187014,0.009517714,0.07253637
TCGA-50-5939-01,0.08666667,0.035444252,0.12447148
TCGA-50-5939-11,-0.019281339,0.05962553,0.036879405
TCGA-50-5941-01,0.063052505,0.13248004,0.08221762
TCGA-50-5942-01,-0.06215727,-0.04114087,-0.018864518
TCGA-50-5944-01,0.09126883,0.066907525,-0.0023548845
TCGA-50-5946-01,0.00857313,-0.012206989,0.10738695
TCGA-50-5946-02,0.017545035,-0.112021804,-0.022836251
TCGA-50-6590-01,0.009382387,0.03415673,0.055879317
TCGA-50-6591-01,0.07409383,0.06454802,-0.06234177
TCGA-50-6591-11,-0.14081626,0.15553613,0.039389264
TCGA-50-6592-01,0.0026943886,-0.016736692,0.008873642
TCGA-50-6592-11,-0.070183575,-0.03777425,0.028795546
TCGA-50-6593-01,-0.026038166,0.022051493,0.011462381
TCGA-50-6593-11,-0.0563152,-0.085086845,-0.06411563
TCGA-50-6594-01,-0.04052654,-0.14196704,-0.060488738
TCGA-50-6594-11,-0.08061492,0.010157379,0.11311469
TCGA-50-6595-01,-0.020155756,0.028729726,-0.064597465
TCGA-50-6595-11,0.015654579,0.09851348,-0.036797423
TCGA-50-6597-01,-0.014746099,0.019683389,-0.053049676
TCGA-50-6673-01,0.043924842,0.06274898,-0.11413053
TCGA-50-7109-01,0.064830035,-0.057940666,-0.06715695
TCGA-50-7109-11,0.07395359,0.0085691875,-0.01026211
TCGA-50-8457-01,-0.06234152,0.010510325,0.028516343
TCGA-50-8459-01,0.008513298,-0.060570437,-0.100531794
TCGA-50-8460-01,0.00034747706,-0.041406948,-0.0035303454
TCGA-53-7624-01,-0.11507628,-0.010393665,0.0092905
TCGA-53-7626-01,0.04365841,-0.021926014,0.01701064
TCGA-53-7813-01,-0.029920759,-0.010591537,-0.0018669689
TCGA-53-A4EZ-01,0.04281963,-0.016651226,0.096053325
TCGA-55-1592-01,-0.066420004,0.008188132,0.052108373
TCGA-55-1594-01,-0.013094529,-0.030376174,-0.05018197
TCGA-55-1595-01,-0.020661555,0.20607057,0.020170076
TCGA-55-1596-01,0.024338944,0.06717235,-0.07874372
TCGA-55-5899-01,0.04245317,-0.039485924,-0.13854264
TCGA-55-6543-01,0.05968848,-0.076894045,0.20759968
TCGA-55-6642-01,0.0050307144,-0.0008381871,-0.0011121803
TCGA-55-6712-01,0.0474323,-0.029407158,-0.00020938684
TCGA-55-6968-01,-0.030589772,0.07993823,-0.0013516311
TCGA-55-6968-11,-0.028343596,0.045398723,-0.04598621
TCGA-55-6969-01,0.00614472,-0.022290595,-0.1242893
TCGA-55-6969-11,-0.0067176544,0.031869173,-0.05387182
TCGA-55-6970-01,0.056571167,-0.070538044,-0.022456236
TCGA-55-6970-11,-0.025959756,0.0017733045,-0.031195927
TCGA-55-6971-01,0.03145067,-0.010230313,0.06879433
TCGA-55-6971-11,-0.0032999513,0.02728444,0.050402965
TCGA-55-6972-01,-0.031198649,0.021528538,0.044955228
TCGA-55-6972-11,-0.03442577,-0.02228161,-0.016754812
TCGA-55-6975-01,-0.0043789386,-0.016765362,0.03728536
TCGA-55-6975-11,-0.0022240076,-0.0053166957,0.020085217
TCGA-55-6978-01,-0.041629218,-0.0361061,-0.02141974
TCGA-55-6978-11,0.042366445,-0.016648227,-0.0017952613
TCGA-55-6979-01,-0.02375218,0.006450621,-0.045037396
TCGA-55-6979-11,-0.06464003,-0.05552464,-0.08456272
TCGA-55-6980-01,-0.01813945,-0.09340972,-0.03816413
TCGA-55-6980-11,0.050497122,0.0056918026,-0.014475054
TCGA-55-6981-01,-0.05145831,-0.034841757,0.047818866
TCGA-55-6981-11,0.02349325,0.15209344,-0.10531033
TCGA-55-6982-01,0.0003905507,-0.011746619,0.01539922
TCGA-55-6982-11,0.00045627938,0.00028911998,-0.008471781
TCGA-55-6983-01,-0.043384675,0.039061774,-0.0065224925
TCGA-55-6983-11,-0.007007608,0.013893344,-0.02370636
TCGA-55-6984-01,0.06422007,-0.0036046803,0.03285218
TCGA-55-6984-11,0.03742398,0.047599122,-0.04203055
TCGA-55-6985-01,-0.08838419,0.01753689,-0.0056410884
TCGA-55-6985-11,-0.035858817,-0.0045436253,0.07919911
TCGA-55-6986-01,0.042684145,-0.0061159935,0.0129974475
TCGA-55-6986-11,-0.016441338,-0.040061496,0.046511944
TCGA-55-6987-01,-0.081757255,-0.016013628,-0.02275325
TCGA-55-7227-01,-0.08311485,-0.073209494,0.059666324
TCGA-55-7281-01,-0.0070475168,0.059138067,-0.00065654883
TCGA-55-7283-01,-0.14247952,0.05820738,0.0028333673
TCGA-55-7283-11,0.01379522,-0.038911585,0.041541927
TCGA-55-7284-01,-0.02174614,-0.018656867,-0.02947787
TCGA-55-7570-01,0.009457591,0.004409059,0.050394543
TCGA-55-7570-11,-0.04006379,0.024383778,-0.018130267
TCGA-55-7573-01,0.07543607,-0.020289024,-0.036839347
TCGA-55-7574-01,0.011405682,0.0155634945,-0.013784238
TCGA-55-7574-11,-0.0045558168,-0.036392048,0.026505163
TCGA-55-7576-01,-0.09142205,-0.05686984,0.006575844
TCGA-55-7576-11,0.039993376,0.025261125,0.019161737
TCGA-55-7724-01,0.049726684,0.19152932,1.416642e-06
TCGA-55-7724-11,-0.04824567,-0.001998819,4.2442396e-05
TCGA-55-7725-01,-0.09105955,0.08132081,0.0030475224
TCGA-55-7725-11,-0.03342115,0.0034228712,-0.0122862095
TCGA-55-7726-01,0.035545614,0.060137216,-0.054520186
TCGA-55-7726-11,0.04768076,0.050848503,0.011770698
TCGA-55-7727-01,0.036133975,-0.08129415,0.008097055
TCGA-55-7728-01,0.0020577488,0.07825066,-0.13188434
TCGA-55-7815-01,-0.06797492,0.012659166,0.022529704
TCGA-55-7816-01,0.09695548,0.04271165,0.0038435583
TCGA-55-7903-01,-0.013220199,0.013925758,0.057518892
TCGA-55-7903-11,0.03360054,-0.022091232,-0.010654013
TCGA-55-7907-01,0.01343015,0.0009853048,-0.002812543
TCGA-55-7910-01,-0.08055348,0.007217498,0.061011214
TCGA-55-7910-11,-0.005784348,-0.006105525,-0.107676014
TCGA-55-7911-01,-0.056115534,0.11546994,-0.014257146
TCGA-55-7911-11,0.052140214,-0.036280025,0.06529911
TCGA-55-7913-01,0.034947377,0.03660446,-0.06361796
TCGA-55-7914-01,-0.081468515,0.0456304,0.03101497
TCGA-55-7914-11,-0.008216086,0.0297661,-0.020749226
TCGA-55-7994-01,0.03788763,-0.038967926,0.02534151
TCGA-55-7995-01,0.057409372,-0.027512312,0.08636161
TCGA-55-8085-01,-0.041072205,-0.03467123,-0.05292009
TCGA-55-8087-01,0.012402002,0.0041302145,0.011064159
TCGA-55-8089-01,0.033115376,0.027937975,-0.0017959969
TCGA-55-8090-01,0.010274436,-0.05114367,0.003045466
TCGA-55-8091-01,0.0058972524,-0.03965307,0.0018926649
TCGA-55-8092-01,-0.010486103,0.03410268,0.006351803
TCGA-55-8094-01,0.057151206,0.008349959,-0.08092518
TCGA-55-8096-01,-0.08843513,-0.009708243,0.022345817
TCGA-55-8097-01,0.13711032,0.026236212,0.08788818
TCGA-55-8203-01,9.1222304e-05,0.03414243,0.02898596
TCGA-55-8204-01,0.0002805391,-0.040074438,-0.078337505
TCGA-55-8205-01,0.101494014,0.018695658,0.049617726
TCGA-55-8206-01,-0.0141195,-0.027877305,-0.017691039
TCGA-55-8207-01,-0.059440967,-0.00277726,-0.009995273
TCGA-55-8208-01,-0.021205125,0.1323789,0.015350711
TCGA-55-8299-01,-0.32034457,0.10677101,0.13889304
TCGA-55-8301-01,-0.03978069,-0.031348776,-0.0462688
TCGA-55-8302-01,0.006275632,0.024220133,0.08269452
TCGA-55-8505-01,0.0071684085,0.012518805,0.049149413
TCGA-55-8506-01,-0.037947454,0.027385883,-0.029515024
TCGA-55-8507-01,0.02598964,-0.011903958,-0.01073791
TCGA-55-8508-01,0.02659451,-0.12842886,0.08577075
TCGA-55-8510-01,-0.04312122,0.0021521884,-0.0029883287
TCGA-55-8511-01,0.18839008,0.039046887,0.0036755204
TCGA-55-8512-01,-0.005537215,0.069203444,-0.018714732
TCGA-55-8513-01,0.047912728,-0.029629054,0.004391968
TCGA-55-8514-01,0.0481004,0.009259209,-0.0061513796
TCGA-55-8614-01,0.06645885,-0.0550304,0.0014389624
TCGA-55-8615-01,0.04468217,0.012173552,-0.050419945
TCGA-55-8616-01,0.023652796,-0.017278817,-0.0005580264
TCGA-55-8619-01,0.01429258,-0.035352055,0.003860973
TCGA-55-8620-01,-0.01745014,-0.01170374,-0.030397734
TCGA-55-8621-01,-0.0076454794,-0.01599243,0.07537677
TCGA-55-A48X-01,0.0021573303,0.0041537997,0.043042652
TCGA-55-A48Y-01,0.11536918,0.06498236,0.002803257
TCGA-55-A48Z-01,-0.027333215,-0.01516701,0.0023835893
TCGA-55-A490-01,0.017165285,-0.069294274,0.058433075
TCGA-55-A491-01,0.0062754364,0.028074767,-0.084435925
TCGA-55-A492-01,0.0010197264,-0.024141857,-0.012205458
TCGA-55-A493-01,0.049733773,-0.03083487,0.0047153775
TCGA-55-A494-01,-0.015039265,-0.00208407,-0.03143596
TCGA-55-A4DF-01,0.032213688,-0.12150421,-0.08274111
TCGA-55-A4DG-01,-0.03955892,-0.080433816,0.0004887633
TCGA-55-A57B-01,-0.057076283,0.0063428273,-0.18243304
TCGA-62-8394-01,0.04503408,-0.004761621,0.019759934
TCGA-62-8395-01,0.032841325,-0.2428727,-0.11746221
TCGA-62-8397-01,0.035227664,-0.020484168,0.009229602
TCGA-62-8398-01,0.078941084,-0.011067032,-0.07349984
TCGA-62-8399-01,-0.021252656,0.033736013,-0.09114439
TCGA-62-8402-01,0.01084883,0.023283223,-0.107584275
TCGA-62-A46O-01,0.043454655,0.079229414,-0.010110572
TCGA-62-A46P-01,-0.06989047,0.02311238,0.123992026
TCGA-62-A46R-01,-0.030000214,0.030215096,-0.03604015
TCGA-62-A46S-01,0.09826994,0.017621977,0.00053684466
TCGA-62-A46U-01,-0.059118256,0.02793267,-0.0018506288
TCGA-62-A46V-01,0.0033475892,0.069335505,-0.08639875
TCGA-62-A46Y-01,-0.059910208,0.0043743188,-0.026017774
TCGA-62-A470-01,-0.006081173,-0.0039095758,0.024667915
TCGA-62-A471-01,-0.04703505,0.106544144,-0.0930701
TCGA-62-A472-01,-0.05473915,-0.029349012,-0.0059082885
TCGA-64-1676-01,0.09404202,-0.037432455,0.042193685
TCGA-64-1677-01,0.012985537,0.062323783,0.037367266
TCGA-64-1678-01,-0.02590801,0.0071854005,0.07084321
TCGA-64-1679-01,-0.027496442,-0.091069676,0.084091574
TCGA-64-1680-01,-0.05798678,0.2409299,0.03209575
TCGA-64-1681-01,-0.005711655,-0.03969811,-0.013058618
TCGA-64-5774-01,0.01642499,0.077010006,0.03057939
TCGA-64-5775-01,-0.029762128,0.059628785,-0.06532348
TCGA-64-5778-01,0.12845375,0.056484573,-0.009179978
TCGA-64-5779-01,-0.0067159645,-0.06525506,-0.023687525
TCGA-64-5781-01,-0.04202231,0.06915666,0.02590505
TCGA-64-5815-01,0.017807877,0.0066698617,-0.027918467
TCGA-67-3770-01,0.00502525,0.0059542856,0.02172441
TCGA-67-3771-01,0.048503194,0.096932225,0.060326632
TCGA-67-3772-01,-0.084529914,-0.09350743,-0.050027907
TCGA-67-3773-01,-0.021385558,-0.015829168,0.048696842
TCGA-67-3774-01,0.07118696,0.0017143153,0.017385274
TCGA-67-4679-01,-0.029216586,0.030341212,-0.01277965
TCGA-67-6215-01,-0.0022081027,0.03979372,-0.04175715
TCGA-67-6216-01,0.07261055,-0.04700764,-0.08726598
TCGA-67-6217-01,-0.0058515966,0.013192312,0.030780874
TCGA-69-7760-01,-0.006083535,-0.081282556,0.0001700608
TCGA-69-7761-01,0.22723474,0.027531426,0.027121784
TCGA-69-7763-01,-0.046935827,-0.026069937,0.054518398
TCGA-69-7764-01,-0.030446406,-0.014402643,0.041749798
TCGA-69-7765-01,0.09407748,-0.01877898,0.081308424
TCGA-69-7973-01,0.051074367,-0.09103296,0.043123476
TCGA-69-7974-01,0.020797212,-0.058784816,0.032548115
TCGA-69-7978-01,0.02643638,0.024533479,0.030095307
TCGA-69-7979-01,-0.0050144657,0.0023690073,0.059101436
TCGA-69-7980-01,0.0006992788,0.01942935,-0.022560315
TCGA-69-8253-01,-0.035111696,0.0043321913,0.0056883018
TCGA-69-8254-01,-0.0903563,0.036866773,0.02196706
TCGA-69-8255-01,0.050709784,-0.040082168,-0.05038872
TCGA-69-8453-01,0.03330083,-0.008533619,0.024052124
TCGA-69-A59K-01,-0.026916692,-0.024962464,0.052280337
TCGA-71-6725-01,0.07009788,-0.025778458,0.021612076
TCGA-71-8520-01,0.03742961,-0.022541225,0.013926466
TCGA-73-4658-01,-0.023760345,-0.07869006,-0.034420155
TCGA-73-4658-11,0.01933168,0.06565772,-0.04026486
TCGA-73-4659-01,0.020508653,-0.013684802,0.00093118113
TCGA-73-4662-01,0.032120515,0.037559718,-0.02028222
TCGA-73-4666-01,0.005344652,0.036855154,-0.044610504
TCGA-73-4668-01,-0.0067385873,-0.01822023,0.003497744
TCGA-73-4670-01,0.043674804,-0.047646094,-0.0131983645
TCGA-73-4675-01,0.012441408,0.055689137,0.024517478
TCGA-73-4676-01,-0.1362032,0.010270114,-0.08024933
TCGA-73-4676-11,-0.11185085,0.055675976,-0.030603481
TCGA-73-4677-01,0.025591617,-0.052451167,0.029553752
TCGA-73-7498-01,0.001344539,0.05543124,-0.03690937
TCGA-73-7499-01,-0.053305175,0.04026567,0.06988965
TCGA-73-A9RS-01,0.05427877,0.007302046,0.03186981
TCGA-75-5125-01,-0.11040296,-0.0026877865,0.09901003
TCGA-75-5146-01,-0.0055931867,0.027182367,0.07984677
TCGA-75-5147-01,-0.052865688,-0.047983207,-0.0321441
TCGA-75-6206-01,0.05343465,-0.024022717,-0.037293408
TCGA-75-6212-01,-0.0054517626,0.06377133,-0.07068938
TCGA-75-6214-01,0.028482284,-0.027722629,0.010275614
TCGA-75-7025-01,-0.0038788365,0.038530257,-0.06801782
TCGA-75-7027-01,0.062332463,-0.058082934,0.04297642
TCGA-78-7143-01,0.13085361,0.045553423,-0.055337105
TCGA-78-7145-01,0.015665887,0.12783624,0.07570031
TCGA-78-7146-01,0.005417279,0.06749904,-0.011293738
TCGA-78-7147-01,-0.013725033,-0.02034542,0.05342098
TCGA-78-7148-01,-0.025010483,-0.023976093,-0.005353516
TCGA-78-7149-01,-0.061900318,0.018847443,0.08769784
TCGA-78-7150-01,0.06712536,-0.035875212,0.011138858
TCGA-78-7152-01,-0.041089002,0.03938429,-0.07039532
TCGA-78-7153-01,0.107192256,-0.27099988,0.051565252
TCGA-78-7154-01,-0.02105268,-0.097644135,0.0032443756
TCGA-78-7155-01,-0.0006346109,-0.055099007,0.03679219
TCGA-78-7156-01,-0.06640139,-0.018597513,0.054469246
TCGA-78-7158-01,-0.023277393,0.013708297,-0.0007097663
TCGA-78-7159-01,-0.06831137,-0.26129702,-0.036178634
TCGA-78-7160-01,-0.008163476,0.042112496,0.049706984
TCGA-78-7161-01,0.0059811864,0.08694274,0.039749563
TCGA-78-7162-01,0.052376773,0.072588064,-0.061795693
TCGA-78-7163-01,0.03451814,0.02042637,-0.052234754
TCGA-78-7163-11,-0.039605364,-0.0041603865,0.029133314
TCGA-78-7166-01,0.08772729,0.0286597,0.21343598
TCGA-78-7167-01,-0.0029209887,-0.06276705,0.0027206414
TCGA-78-7220-01,-0.008035499,0.05383163,0.017228892
TCGA-78-7535-01,-0.057007156,-0.017480547,0.023342544
TCGA-78-7536-01,0.002218414,-0.021242019,0.004773011
TCGA-78-7537-01,0.03492386,-0.043951705,-0.028775636
TCGA-78-7539-01,0.023764191,-0.0008572688,0.019664938
TCGA-78-7540-01,0.042171393,0.016393878,-0.070845306
TCGA-78-7540-11,0.0467599,-0.031196795,-0.0009341127
TCGA-78-7542-01,0.05082033,-0.01988859,0.022651382
TCGA-78-7633-01,-0.026703138,-0.047390144,0.08017413
TCGA-78-8640-01,-0.048764102,-0.11422269,-0.021661006
TCGA-78-8648-01,0.11973702,0.064594634,0.06546984
TCGA-78-8655-01,-0.15364417,0.0042929114,-0.14749609
TCGA-78-8660-01,-0.10597613,0.072995745,0.077985525
TCGA-78-8662-01,0.035986602,-0.14185886,0.0071236417
TCGA-80-5608-01,0.011723694,-0.0035792077,-0.004722768
TCGA-80-5611-01,0.029055685,0.0062643015,0.024301963
TCGA-83-5908-01,0.029620083,0.09082038,0.018282395
TCGA-86-6562-01,-0.060860533,-0.04409449,-0.007056194
TCGA-86-6851-01,-0.0018227486,-0.007564217,-0.0012895243
TCGA-86-7701-01,0.04773718,-0.020509852,0.04233988
TCGA-86-7711-01,0.27729636,0.062034428,0.18111055
TCGA-86-7711-11,-0.07442955,0.025301438,0.016477415
TCGA-86-7713-01,-0.005789324,-0.040823445,-0.017186966
TCGA-86-7713-11,-0.029993486,0.01410399,-0.0050212783
TCGA-86-7714-01,-0.11133593,-0.03380154,-0.0073498436
TCGA-86-7953-01,0.009705978,0.029064823,-0.14895292
TCGA-86-7954-01,-0.003360389,-0.017480386,0.053887524
TCGA-86-7955-01,0.033179875,0.07536733,0.035857156
TCGA-86-8054-01,-0.043746047,0.015507503,0.0071529304
TCGA-86-8055-01,-0.010019687,-0.0012470335,-0.0037707118
TCGA-86-8056-01,-0.004310046,0.019397896,-0.0070280265
TCGA-86-8073-01,0.008864295,-0.08475688,0.0078862095
TCGA-86-8074-01,-0.046036787,0.07518668,-0.055866577
TCGA-86-8075-01,-0.027178809,-0.00947598,0.00837415
TCGA-86-8076-01,-0.026829824,-0.0129796425,-0.08431433
TCGA-86-8278-01,-0.01735743,0.072579324,-0.007739515
TCGA-86-8279-01,-0.036120728,0.0030122704,0.013289819
TCGA-86-8280-01,-0.041225538,0.045142096,0.018831471
TCGA-86-8281-01,-0.019246256,0.03193366,-0.040220574
TCGA-86-8358-01,-0.0757722,0.05380674,0.0099143125
TCGA-86-8359-01,0.051897995,0.023192612,0.023142546
TCGA-86-8585-01,0.028314706,0.054355755,0.028504297
TCGA-86-8668-01,-0.005660011,-0.004662541,-0.018146083
TCGA-86-8669-01,0.033419672,-0.050043683,0.02604411
TCGA-86-8671-01,0.0003396019,-0.01725929,0.07894794
TCGA-86-8672-01,0.020097641,-0.055973254,-0.01682658
TCGA-86-8673-01,-0.011796579,-0.121365696,0.025932254
TCGA-86-8674-01,0.011991679,-0.014476273,0.034235463
TCGA-86-A456-01,0.05465002,-0.052136373,-0.004542238
TCGA-86-A4D0-01,-0.03899326,0.016182145,-0.11035952
TCGA-86-A4JF-01,-0.06530539,0.04610015,0.009020594
TCGA-86-A4P7-01,-0.013668155,-0.049886383,0.023764988
TCGA-86-A4P8-01,-0.114715554,-0.06355295,-0.0044892677
TCGA-91-6828-01,-0.18430309,-0.05552199,0.07590802
TCGA-91-6828-11,-0.028090756,-0.0057511665,0.13973583
TCGA-91-6829-01,-0.00041531562,0.029595299,-0.13002543
TCGA-91-6829-11,-0.05719521,-0.006308365,0.025394985
TCGA-91-6830-01,-0.020394564,-0.1237161,0.045845527
TCGA-91-6831-01,-0.056499615,0.12913303,-0.05699044
TCGA-91-6831-11,0.045511544,0.055610105,0.019302325
TCGA-91-6835-01,-0.124419324,-0.14797221,-0.06999996
TCGA-91-6835-11,-0.02026729,-0.03807986,-0.058126576
TCGA-91-6836-01,0.019199466,0.046188295,0.015468079
TCGA-91-6836-11,-0.0133905085,-0.07394685,-0.011757514
TCGA-91-6840-01,0.042008504,0.04677791,0.06662622
TCGA-91-6847-01,0.015629282,0.023983557,-0.05852019
TCGA-91-6847-11,0.01416946,0.022315014,0.052303158
TCGA-91-6848-01,0.017552974,0.009981791,0.016638994
TCGA-91-6849-01,-0.07934931,0.050183393,0.013279859
TCGA-91-6849-11,0.014014914,-0.06532877,-0.064125165
TCGA-91-7771-01,-0.009227363,0.031740855,-0.07938805
TCGA-91-8496-01,-0.05496894,-0.08558286,-0.06866968
TCGA-91-8497-01,-0.05638019,-0.056477606,0.07165079
TCGA-91-8499-01,-0.03238259,0.051057637,0.027946291
TCGA-91-A4BC-01,-0.06327671,0.020614123,0.06189454
TCGA-91-A4BD-01,-0.03376547,-0.106614105,-0.113747776
TCGA-93-7347-01,0.025434706,-7.8126344e-05,-0.16945048
TCGA-93-7348-01,0.015132008,0.05254316,0.03338535
TCGA-93-7348-11,0.03980429,-0.042947277,0.066233024
TCGA-93-8067-01,-0.1005329,-0.06744986,-0.036337886
TCGA-93-A4JN-01,-0.0662244,0.051773433,0.004134995
TCGA-93-A4JO-01,0.015926193,-0.026007134,0.0029106692
TCGA-93-A4JP-01,-0.00079138775,0.008624523,0.03746404
TCGA-93-A4JQ-01,-0.017567245,0.016438683,0.025126172
TCGA-95-7039-01,0.008869198,-0.029972788,-0.025042951
TCGA-95-7043-01,0.08831696,0.03413202,-0.026906027
TCGA-95-7562-01,0.031116929,-0.06919041,0.039414518
TCGA-95-7567-01,0.0047694114,-0.05951128,0.029097235
TCGA-95-7944-01,0.010246469,-0.07527252,-0.08622052
TCGA-95-7947-01,-0.05389073,0.00097453146,0.04902658
TCGA-95-7948-01,0.1056178,0.08906577,0.019828662
TCGA-95-8039-01,0.076043434,-0.017016236,-0.014998737
TCGA-95-8494-01,-0.004286161,-0.013064556,-0.011753962
TCGA-95-A4VK-01,-0.0035616106,0.057663783,0.009822048
TCGA-95-A4VN-01,0.04313514,-0.07187756,-0.011223162
TCGA-95-A4VP-01,0.060622822,0.038668875,-0.031041328
TCGA-97-7546-01,-0.07358513,0.12796037,-0.14413926
TCGA-97-7547-01,0.003739542,-0.030827036,-0.036269072
TCGA-97-7552-01,0.025903247,0.044279512,-0.03729411
TCGA-97-7553-01,-0.011726465,0.005521154,-0.021047747
TCGA-97-7554-01,0.0132118715,-0.049494285,0.013233133
TCGA-97-7937-01,0.028742515,0.023740487,-0.006370497
TCGA-97-7938-01,0.045455452,-0.018664347,0.03835187
TCGA-97-7941-01,0.048258632,-0.03624969,0.060815424
TCGA-97-8171-01,0.030191774,-0.0021387963,-0.07095371
TCGA-97-8172-01,-0.044354405,0.0016738047,0.0044166557
TCGA-97-8174-01,-0.0051249666,-0.061348032,-0.04894747
TCGA-97-8175-01,0.025967544,0.017512819,-0.0615926
TCGA-97-8176-01,-0.022226594,0.13403063,0.0034869611
TCGA-97-8177-01,0.026685214,-0.04578673,-0.00095683034
TCGA-97-8179-01,-0.051227782,0.039214157,0.037528228
TCGA-97-8547-01,0.0038027666,-0.02358283,0.05504739
TCGA-97-8552-01,0.08521789,0.0081262775,-0.15400948
TCGA-97-A4LX-01,-0.024946207,-0.0017402256,0.03175989
TCGA-97-A4M0-01,-0.0020486505,-0.013651309,-0.042973574
TCGA-97-A4M1-01,0.0285062,0.035011817,0.017034844
TCGA-97-A4M2-01,0.038849358,-0.019563034,0.017654821
TCGA-97-A4M3-01,-0.06453749,0.022046918,0.0100206435
TCGA-97-A4M5-01,-0.006847007,-0.0054348796,0.0371862
TCGA-97-A4M6-01,0.0016338988,0.016798435,-0.040429328
TCGA-97-A4M7-01,-0.053907663,-0.029995557,-0.0050458703
TCGA-99-7458-01,0.21150573,-0.033676255,-0.06070468
TCGA-99-8025-01,0.07116653,-0.003922856,-0.1352271
TCGA-99-8028-01,0.003791188,-0.14423195,0.07664748
TCGA-99-8032-01,-0.010587031,-0.040368482,0.057629816
TCGA-99-8033-01,0.0058751297,0.0011142294,-0.008067439
TCGA-99-AA5R-01,-0.040488943,-0.041418202,0.034264673
TCGA-J2-8192-01,0.20762844,0.08118266,-0.12794386
TCGA-J2-8194-01,0.029504467,-0.014586013,0.008340173
TCGA-J2-A4AD-01,0.013985708,-0.03870745,-0.029716847
TCGA-J2-A4AE-01,-0.015130615,0.0031190421,-0.04081215
TCGA-J2-A4AG-01,0.11994972,0.01549247,0.016457526
TCGA-L4-A4E5-01,0.057220552,-0.009747624,-0.057581417
TCGA-L4-A4E6-01,-0.01638097,-0.02899053,-0.06492854
TCGA-L9-A443-01,0.0036457852,-0.058915343,0.03974278
TCGA-L9-A444-01,0.016502049,-0.025837531,0.0029222276
TCGA-L9-A50W-01,-0.026558762,0.018799664,0.05061641
TCGA-L9-A5IP-01,0.04391737,0.0154039515,0.020014971
TCGA-L9-A743-01,0.060263693,0.017836178,-0.0071238317
TCGA-L9-A7SV-01,-0.012914228,-0.019042969,0.009287884
TCGA-L9-A8F4-01,0.05038309,-0.046636213,0.13874143
TCGA-MN-A4N1-01,0.09167276,-0.08533001,-0.031022653
TCGA-MN-A4N4-01,-0.011771046,-0.047532964,-0.052569702
TCGA-MN-A4N5-01,0.05343838,0.040933475,0.014299357
TCGA-MP-A4SV-01,-0.09152391,-0.059299767,0.1213912
TCGA-MP-A4SW-01,-0.02763456,0.058478348,0.017619433
TCGA-MP-A4SY-01,-0.017237438,-0.050950438,0.024239352
TCGA-MP-A4T2-01,-0.09138227,0.13689835,-0.006212434
TCGA-MP-A4T4-01,-0.04851875,-0.009043587,-0.01429789
TCGA-MP-A4T6-01,-0.02559789,-0.036768924,0.040017143
TCGA-MP-A4T7-01,-0.029641403,0.06152852,-0.004347139
TCGA-MP-A4T8-01,-0.09254862,-0.050819434,0.0050235353
TCGA-MP-A4T9-01,0.0151704615,-0.0011526952,0.06520135
TCGA-MP-A4TA-01,0.05137106,0.032101274,0.033114754
TCGA-MP-A4TC-01,0.0074435943,-0.06525463,0.0030952422
TCGA-MP-A4TD-01,0.0141534805,0.104398385,0.10798818
TCGA-MP-A4TE-01,-0.014632139,0.006186279,-0.003967505
TCGA-MP-A4TF-01,-0.011430115,0.022599852,-0.005918436
TCGA-MP-A4TH-01,0.013952767,0.10808987,0.074295506
TCGA-MP-A4TI-01,0.01948751,0.014422929,0.06509208
TCGA-MP-A4TJ-01,-0.071644336,-0.0126996,-0.038321774
TCGA-MP-A4TK-01,-0.034581933,0.008967073,0.04807203
TCGA-MP-A5C7-01,0.08534117,-0.031168789,-0.037505165
TCGA-NJ-A4YF-01,0.037922505,-0.007016178,0.053001262
TCGA-NJ-A4YG-01,-0.04655337,0.023619521,-0.03919238
TCGA-NJ-A4YI-01,-0.017372184,-0.0680453,0.020602992
TCGA-NJ-A4YP-01,0.00022135158,0.0010428213,-0.10332067
TCGA-NJ-A4YQ-01,-0.026804645,0.06473957,-0.16444734
TCGA-NJ-A55A-01,0.0040643015,0.024439001,0.0020888203
TCGA-NJ-A55O-01,-0.006449326,0.006100135,0.088291004
TCGA-NJ-A55R-01,-0.024328664,0.0016651324,-0.053537827
TCGA-NJ-A7XG-01,-0.041356508,-0.0073431563,-0.07682206
TCGA-O1-A52J-01,-0.066628896,-0.11829757,-0.076741956
TCGA-S2-AA1A-01,0.024899391,-0.06382373,0.017203478
