sample,DGCCA_28,DGCCA_69
TCGA-3C-AAAU-01,0.02824971,0.0072205598
TCGA-3C-AALI-01,0.024288392,0.017862402
TCGA-3C-AALJ-01,0.01433428,-0.01596294
TCGA-3C-AALK-01,0.0059374673,0.011715137
TCGA-4H-AAAK-01,-0.016939454,0.12032676
TCGA-5L-AAT0-01,-0.010810029,-0.015920965
TCGA-5L-AAT1-01,0.046538137,0.018841945
TCGA-5T-A9QA-01,-0.07388516,-0.007848981
TCGA-A1-A0SB-01,-0.008151316,-0.0026832968
TCGA-A1-A0SD-01,0.05662457,0.009752464
TCGA-A1-A0SE-01,-0.03604995,0.0020679017
TCGA-A1-A0SF-01,-0.014864854,-0.0913106
TCGA-A1-A0SG-01,0.085371524,-0.011175557
TCGA-A1-A0SH-01,0.003434252,0.016648687
TCGA-A1-A0SI-01,0.021049352,-0.012821048
TCGA-A1-A0SJ-01,-0.020158038,-0.022851104
TCGA-A1-A0SK-01,0.10251328,-0.002528794
TCGA-A1-A0SM-01,0.0008981023,0.026554609
TCGA-A1-A0SN-01,0.06078787,0.031671707
TCGA-A1-A0SO-01,0.010004124,0.02209141
TCGA-A1-A0SP-01,0.059961453,-0.049496885
TCGA-A1-A0SQ-01,0.038827807,-0.0052711093
TCGA-A2-A04N-01,-0.024784187,0.014630927
TCGA-A2-A04P-01,0.006092201,-0.02778568
TCGA-A2-A04Q-01,0.014235176,0.02505629
TCGA-A2-A04R-01,-0.009008106,0.095891476
TCGA-A2-A04T-01,0.016252348,0.02585335
TCGA-A2-A04U-01,-0.038133238,0.005253706
TCGA-A2-A04V-01,0.018396333,0.025685212
TCGA-A2-A04W-01,0.045639016,0.003945697
TCGA-A2-A04X-01,0.0135590285,0.07759842
TCGA-A2-A04Y-01,-0.023878375,0.06435722
TCGA-A2-A0CK-01,-0.009783202,0.0013695811
TCGA-A2-A0CL-01,0.015683496,-0.02674574
TCGA-A2-A0CM-01,-0.040173657,0.002923934
TCGA-A2-A0CO-01,0.0012442674,0.010396473
TCGA-A2-A0CP-01,-0.0060383882,-0.012585366
TCGA-A2-A0CQ-01,-0.002285062,-0.019513898
TCGA-A2-A0CR-01,0.003060597,0.000833755
TCGA-A2-A0CS-01,-0.029683731,0.03398338
TCGA-A2-A0CT-01,-0.020647008,0.017420668
TCGA-A2-A0CU-01,-0.008167816,-0.030971432
TCGA-A2-A0CV-01,0.001651935,0.009392545
TCGA-A2-A0CW-01,-0.012090835,-0.008148903
TCGA-A2-A0CX-01,0.030129638,0.010741935
TCGA-A2-A0CY-01,0.048336953,-0.044237755
TCGA-A2-A0CZ-01,-0.05747293,-0.022687279
TCGA-A2-A0D0-01,-0.017963938,-0.0092097
TCGA-A2-A0D1-01,0.047399268,-0.03179932
TCGA-A2-A0D2-01,-0.031587146,-0.016827479
TCGA-A2-A0D3-01,0.00697671,-0.07091232
TCGA-A2-A0D4-01,0.023624051,-0.017955389
TCGA-A2-A0EM-01,-0.035017386,-0.055121407
TCGA-A2-A0EN-01,0.011083625,0.035037134
TCGA-A2-A0EO-01,0.014583065,0.005000135
TCGA-A2-A0EP-01,-0.011685111,0.0047141295
TCGA-A2-A0EQ-01,0.004426972,0.007812025
TCGA-A2-A0ER-01,-0.030878425,-0.0032096473
TCGA-A2-A0ES-01,0.036819085,-0.022650719
TCGA-A2-A0ET-01,-0.009512402,0.024425108
TCGA-A2-A0EU-01,-0.04432383,0.0027066714
TCGA-A2-A0EV-01,0.050535746,-0.048405774
TCGA-A2-A0EW-01,0.047712073,-0.023954105
TCGA-A2-A0EX-01,0.0126586985,-0.05232107
TCGA-A2-A0EY-01,-0.02940508,-0.038712695
TCGA-A2-A0ST-01,0.0043427404,-0.025412636
TCGA-A2-A0SU-01,0.035967108,-0.017481985
TCGA-A2-A0SV-01,-0.047210984,-0.017921655
TCGA-A2-A0SW-01,-0.017517777,-0.023625035
TCGA-A2-A0SX-01,0.024433678,0.029747233
TCGA-A2-A0SY-01,0.030235162,-0.002294181
TCGA-A2-A0T0-01,0.022382692,-0.056805152
TCGA-A2-A0T1-01,-0.00015089102,0.0026703663
TCGA-A2-A0T2-01,0.0001719934,0.00577695
TCGA-A2-A0T3-01,0.004673681,0.0291089
TCGA-A2-A0T4-01,-0.03631011,0.031473476
TCGA-A2-A0T5-01,0.006321203,-0.086745664
TCGA-A2-A0T6-01,0.012633153,0.023103595
TCGA-A2-A0T7-01,0.013383664,-0.02438572
TCGA-A2-A0YC-01,0.029621938,-0.01119676
TCGA-A2-A0YD-01,0.10979897,0.020997494
TCGA-A2-A0YE-01,-0.023353336,0.010163616
TCGA-A2-A0YF-01,-0.016203055,-0.043882668
TCGA-A2-A0YG-01,0.0003180175,0.004634791
TCGA-A2-A0YH-01,-0.026909387,0.031567678
TCGA-A2-A0YI-01,0.01979542,0.01166546
TCGA-A2-A0YJ-01,-0.045392122,0.058231074
TCGA-A2-A0YK-01,0.028703187,-0.00990663
TCGA-A2-A0YL-01,-0.034018338,-0.057140116
TCGA-A2-A0YM-01,-0.005433399,-0.02781901
TCGA-A2-A0YT-01,0.042608153,-0.009688662
TCGA-A2-A1FV-01,0.03408783,-0.011089923
TCGA-A2-A1FW-01,-0.042282335,0.0012436954
TCGA-A2-A1FX-01,0.03878593,-0.047055613
TCGA-A2-A1FZ-01,-0.04472919,0.06211469
TCGA-A2-A1G0-01,-0.0024764333,0.011099453
TCGA-A2-A1G1-01,0.021365974,-0.015497623
TCGA-A2-A1G4-01,-0.020031823,0.019295292
TCGA-A2-A1G6-01,0.023457296,0.035779838
TCGA-A2-A259-01,-0.019110901,0.02650256
TCGA-A2-A25A-01,0.0115517955,0.07273927
TCGA-A2-A25B-01,-0.015722523,-0.01696496
TCGA-A2-A25C-01,-0.01025398,0.0011696644
TCGA-A2-A25D-01,-0.015169299,-0.031782467
TCGA-A2-A25E-01,-0.03570748,-0.0108511
TCGA-A2-A25F-01,-0.01941251,0.0050926954
TCGA-A2-A3KC-01,0.018874649,-0.078181505
TCGA-A2-A3KD-01,-0.008703518,0.007866278
TCGA-A2-A3XS-01,0.018627798,0.02025873
TCGA-A2-A3XT-01,-0.0012088288,-0.048813075
TCGA-A2-A3XU-01,-0.014332229,0.13982858
TCGA-A2-A3XV-01,0.019183382,0.007814251
TCGA-A2-A3XW-01,-0.016843725,-0.021455722
TCGA-A2-A3XX-01,-0.039367273,0.009057854
TCGA-A2-A3XY-01,0.036657553,-0.06848748
TCGA-A2-A3XZ-01,-0.005790067,0.005554474
TCGA-A2-A3Y0-01,-0.088031314,-0.03951504
TCGA-A2-A4RW-01,0.0071940497,0.040784933
TCGA-A2-A4RX-01,-0.0027928099,-0.0020049894
TCGA-A2-A4RY-01,-0.046509884,-0.022472277
TCGA-A2-A4S0-01,-0.014969385,-0.029860131
TCGA-A2-A4S1-01,-0.007935397,0.018460251
TCGA-A2-A4S2-01,0.01167769,-0.058642723
TCGA-A2-A4S3-01,0.046597995,-0.023963753
TCGA-A7-A0CD-01,-0.02736738,-0.03629643
TCGA-A7-A0CE-01,0.023512654,0.028143575
TCGA-A7-A0CE-11,-0.009553894,0.0003726324
TCGA-A7-A0CG-01,-0.034142777,-0.029984858
TCGA-A7-A0CH-01,0.047076084,0.014979803
TCGA-A7-A0CH-11,0.045009796,-0.03246671
TCGA-A7-A0CJ-01,0.0064459834,-0.0092807645
TCGA-A7-A0D9-01,-0.05240177,0.0057308883
TCGA-A7-A0D9-11,0.0006204429,0.04430722
TCGA-A7-A0DA-01,-0.05673411,-0.012667102
TCGA-A7-A0DB-01,0.0049535017,0.029202702
TCGA-A7-A0DB-11,-0.0059774835,0.0016493001
TCGA-A7-A0DC-01,-0.011380358,-0.008948055
TCGA-A7-A0DC-11,0.07482609,0.0051414305
TCGA-A7-A13D-01,-0.022633897,-0.008835151
TCGA-A7-A13E-01,-0.011407055,0.0050431443
TCGA-A7-A13E-11,-0.023825819,0.04502682
TCGA-A7-A13F-01,0.01878211,0.038575634
TCGA-A7-A13F-11,0.08178609,-0.024090858
TCGA-A7-A13G-01,0.003413275,0.012985546
TCGA-A7-A13G-11,0.02984955,-0.029571176
TCGA-A7-A13H-01,0.08983786,0.04831798
TCGA-A7-A26E-01,-0.0127459075,0.006066739
TCGA-A7-A26F-01,-0.008816987,-0.043182857
TCGA-A7-A26G-01,-0.014899782,0.019346546
TCGA-A7-A26H-01,0.03451208,-0.000850691
TCGA-A7-A26I-01,-0.03416363,0.01990362
TCGA-A7-A26J-01,-0.02220976,0.034536544
TCGA-A7-A2KD-01,-0.03913831,-0.027861167
TCGA-A7-A3IY-01,0.045500346,0.0444222
TCGA-A7-A3IZ-01,0.009673813,-0.010607343
TCGA-A7-A3J0-01,-0.035517775,-0.049866177
TCGA-A7-A3J1-01,0.00019242521,0.016413588
TCGA-A7-A3RF-01,0.0111722,-0.010161081
TCGA-A7-A425-01,0.033775847,-0.026996082
TCGA-A7-A426-01,-0.00809314,-0.015674863
TCGA-A7-A4SA-01,0.042390965,0.011672366
TCGA-A7-A4SB-01,-0.009351523,0.025972065
TCGA-A7-A4SC-01,-0.010921986,-0.0074625704
TCGA-A7-A4SD-01,0.046117783,-0.036523398
TCGA-A7-A4SE-01,0.015027009,0.018805515
TCGA-A7-A4SF-01,-0.00844679,-0.0020931629
TCGA-A7-A56D-01,-0.10056735,-0.056858588
TCGA-A7-A5ZV-01,0.018097723,-0.19734232
TCGA-A7-A5ZW-01,-0.036033407,0.03643135
TCGA-A7-A5ZX-01,0.01317545,0.03506904
TCGA-A7-A6VV-01,-0.07257996,0.11290971
TCGA-A7-A6VW-01,-0.019913787,0.03128722
TCGA-A7-A6VX-01,-0.051711414,0.017130226
TCGA-A7-A6VY-01,0.0043639652,-0.038459837
TCGA-A8-A06O-01,0.018488899,0.037615288
TCGA-A8-A06P-01,0.035331216,0.00057543395
TCGA-A8-A06Q-01,0.025100823,0.020866213
TCGA-A8-A06R-01,-0.07967693,0.0047802594
TCGA-A8-A06T-01,-0.0036210646,0.043558016
TCGA-A8-A06U-01,-0.050761953,-0.025906192
TCGA-A8-A06X-01,0.008264579,0.010369803
TCGA-A8-A06Y-01,0.0196013,0.0015830956
TCGA-A8-A06Z-01,-0.06780853,0.007566235
TCGA-A8-A075-01,-0.028485093,-0.03972813
TCGA-A8-A076-01,0.0027077815,-0.033829972
TCGA-A8-A079-01,-0.026680864,0.041914184
TCGA-A8-A07B-01,-0.014377093,0.008375901
TCGA-A8-A07C-01,-0.0010325277,0.046822928
TCGA-A8-A07E-01,-0.0048050713,-0.023541622
TCGA-A8-A07F-01,0.054851167,-0.019856848
TCGA-A8-A07G-01,0.013633239,-0.0041763037
TCGA-A8-A07I-01,0.049337458,-0.00655008
TCGA-A8-A07J-01,0.009187694,0.026785655
TCGA-A8-A07L-01,0.010136988,0.0006233258
TCGA-A8-A07O-01,0.04509587,-0.022117235
TCGA-A8-A07P-01,0.042388976,-0.035276018
TCGA-A8-A07R-01,0.00910139,-0.027639303
TCGA-A8-A07S-01,0.017346269,0.026046026
TCGA-A8-A07U-01,-0.028963052,-0.0012369957
TCGA-A8-A07W-01,-0.046236206,-0.032846622
TCGA-A8-A07Z-01,0.0058674267,-0.021599509
TCGA-A8-A082-01,0.004130537,0.018298507
TCGA-A8-A084-01,0.028593166,0.03300717
TCGA-A8-A085-01,-0.0223189,-0.027315507
TCGA-A8-A086-01,-0.02161858,0.012140781
TCGA-A8-A08A-01,0.049154084,-0.052656263
TCGA-A8-A08B-01,0.07084807,0.018026456
TCGA-A8-A08C-01,-0.020064903,0.019192887
TCGA-A8-A08F-01,-0.010400172,-0.07059787
TCGA-A8-A08G-01,-0.021232082,-0.055067033
TCGA-A8-A08I-01,0.005158471,-0.026378013
TCGA-A8-A08J-01,-0.027086832,-0.0021114815
TCGA-A8-A08L-01,-0.13824314,-0.06096557
TCGA-A8-A08O-01,-0.020220483,0.0019979358
TCGA-A8-A08P-01,-0.0021282658,0.0069167595
TCGA-A8-A08R-01,-0.006212354,0.053393807
TCGA-A8-A08S-01,0.018739695,-0.014349772
TCGA-A8-A08T-01,-0.032742154,0.0058592786
TCGA-A8-A08X-01,-0.012279527,0.010180005
TCGA-A8-A08Z-01,-0.04404844,-0.027639734
TCGA-A8-A091-01,-0.08583452,-0.09244175
TCGA-A8-A092-01,0.036280006,0.05599135
TCGA-A8-A093-01,0.009752978,0.00064440706
TCGA-A8-A095-01,-0.017033255,0.009552331
TCGA-A8-A097-01,-0.01728001,0.0020277575
TCGA-A8-A099-01,0.01926791,0.0011763136
TCGA-A8-A09A-01,0.023795161,0.016916905
TCGA-A8-A09B-01,-0.03212065,0.049000423
TCGA-A8-A09C-01,-0.017250137,0.0007009432
TCGA-A8-A09D-01,0.062078662,-0.06763046
TCGA-A8-A09E-01,-0.014598063,-0.0111311115
TCGA-A8-A09I-01,0.00079910224,-0.09419481
TCGA-A8-A09K-01,-0.02123911,0.09416122
TCGA-A8-A09M-01,-0.02239829,0.006546233
TCGA-A8-A09N-01,-0.021941338,-0.016332619
TCGA-A8-A09Q-01,-0.020132644,-0.010761183
TCGA-A8-A09R-01,0.024009634,0.03245571
TCGA-A8-A09T-01,0.008580508,-0.011671837
TCGA-A8-A09V-01,-0.014205775,-0.07209632
TCGA-A8-A09W-01,0.001716468,0.024032723
TCGA-A8-A09X-01,-0.011657545,-0.030392064
TCGA-A8-A0A1-01,0.031367023,0.07731747
TCGA-A8-A0A2-01,-0.022096697,-0.0068332325
TCGA-A8-A0A4-01,-0.06884241,0.012232435
TCGA-A8-A0A6-01,-0.122266166,0.009846415
TCGA-A8-A0A7-01,0.024246864,0.018516127
TCGA-A8-A0A9-01,0.0056793764,0.028774282
TCGA-A8-A0AB-01,-0.019470548,-0.05484782
TCGA-A8-A0AD-01,-0.01878005,-0.0042720716
TCGA-AC-A23C-01,-0.040743366,-0.021395862
TCGA-AC-A23E-01,0.069249265,-0.008570328
TCGA-AC-A23G-01,-0.029752525,0.010172609
TCGA-AC-A23H-01,-0.01624424,-0.04928834
TCGA-AC-A23H-11,0.10152064,-0.03076977
TCGA-AC-A2B8-01,0.11299323,-0.070979506
TCGA-AC-A2BK-01,-0.012227258,0.04674882
TCGA-AC-A2BM-01,-0.07224107,-0.04066545
TCGA-AC-A2FB-01,-0.009506552,-0.002636009
TCGA-AC-A2FB-11,-0.01843877,-0.0038136374
TCGA-AC-A2FE-01,-0.02097714,-0.032199882
TCGA-AC-A2FF-01,-0.0018288323,-0.011774802
TCGA-AC-A2FF-11,-0.03180138,0.028663876
TCGA-AC-A2FG-01,-0.022915903,-0.01461009
TCGA-AC-A2FG-11,0.021902977,-0.01807044
TCGA-AC-A2FK-01,0.061093442,-0.011874033
TCGA-AC-A2FM-01,-0.008556527,-0.054466993
TCGA-AC-A2FM-11,-0.0662452,-0.01461793
TCGA-AC-A2FO-01,0.0013842515,0.016719962
TCGA-AC-A2QH-01,0.017557308,-0.14707308
TCGA-AC-A2QI-01,0.04439459,0.0223417
TCGA-AC-A2QJ-01,0.0002755504,-0.02892169
TCGA-AC-A3BB-01,0.032369003,-0.0036845612
TCGA-AC-A3EH-01,-0.042133603,-0.107946716
TCGA-AC-A3HN-01,0.035292104,0.0021039639
TCGA-AC-A3OD-01,-0.052522294,-0.036434
TCGA-AC-A3QP-01,0.008888643,0.017865408
TCGA-AC-A3QQ-01,-0.057292894,-0.05314502
TCGA-AC-A3TM-01,-0.04489549,0.0052090012
TCGA-AC-A3TN-01,-0.0013472326,0.0069316365
TCGA-AC-A3W5-01,0.12879996,-0.053735044
TCGA-AC-A3W6-01,-0.00822551,-0.00745866
TCGA-AC-A3W7-01,-0.026196958,-0.012048179
TCGA-AC-A3YI-01,0.05832322,0.027088903
TCGA-AC-A3YJ-01,-0.0019271569,0.0018824734
TCGA-AC-A4ZE-01,0.0087997,-0.02759533
TCGA-AC-A5EH-01,0.07827889,0.009788526
TCGA-AC-A5EI-01,0.026222447,0.02068134
TCGA-AC-A5XS-01,0.0018462779,0.07536597
TCGA-AC-A5XU-01,0.037974343,-0.0026364424
TCGA-AC-A62V-01,0.031660553,0.0039048623
TCGA-AC-A62X-01,-0.016160466,0.06296827
TCGA-AC-A62Y-01,0.0014075123,0.11598288
TCGA-AC-A6IV-01,0.010709737,-0.008368678
TCGA-AC-A6IW-01,0.033905864,0.089096166
TCGA-AC-A6IX-01,0.006850444,-0.0028778152
TCGA-AC-A6IX-06,-0.043761604,0.096059695
TCGA-AC-A6NO-01,0.0036102887,-0.0023886096
TCGA-AC-A7VB-01,-0.018823367,-3.7718564e-06
TCGA-AC-A7VC-01,-0.02895128,0.014226476
TCGA-AC-A8OP-01,-6.8666413e-06,-0.031170215
TCGA-AC-A8OQ-01,0.01684017,-0.00875935
TCGA-AC-A8OR-01,0.02224341,0.01379401
TCGA-AC-A8OS-01,0.07104244,-0.08907133
TCGA-AN-A03X-01,-0.01490299,0.0069226897
TCGA-AN-A03Y-01,-0.005678448,0.012582476
TCGA-AN-A041-01,-0.01276863,0.024675451
TCGA-AN-A046-01,0.019213557,0.009124323
TCGA-AN-A049-01,-0.040875524,-0.053110123
TCGA-AN-A04A-01,0.0009083422,-0.02432788
TCGA-AN-A04C-01,-0.0021234858,-0.022247957
TCGA-AN-A04D-01,-0.23740558,-0.052564792
TCGA-AN-A0AJ-01,-0.038404047,-0.010975633
TCGA-AN-A0AK-01,-0.08517719,0.025290947
TCGA-AN-A0AL-01,-0.01983858,0.116185084
TCGA-AN-A0AM-01,0.014215494,0.032201238
TCGA-AN-A0AR-01,-0.013118722,-0.013410456
TCGA-AN-A0AS-01,0.006199974,0.019502014
TCGA-AN-A0AT-01,-0.003923971,-0.04245054
TCGA-AN-A0FD-01,0.014925481,0.04374571
TCGA-AN-A0FF-01,-0.060696628,-0.00544938
TCGA-AN-A0FJ-01,0.033225797,0.010003449
TCGA-AN-A0FK-01,0.042676426,-0.008436866
TCGA-AN-A0FL-01,0.11103311,-0.0024399073
TCGA-AN-A0FN-01,0.047981646,0.0009784475
TCGA-AN-A0FS-01,0.039332636,0.043854516
TCGA-AN-A0FT-01,0.023275945,0.055548295
TCGA-AN-A0FV-01,0.0032596597,-0.0029693963
TCGA-AN-A0FW-01,-0.034103226,-0.014047952
TCGA-AN-A0FX-01,-0.022583863,-0.00041063718
TCGA-AN-A0FY-01,0.022980511,0.021262119
TCGA-AN-A0FZ-01,0.028122688,0.004865857
TCGA-AN-A0G0-01,-0.037913047,0.007178656
TCGA-AN-A0XL-01,-0.06393561,0.018644437
TCGA-AN-A0XN-01,-0.023866966,0.022314359
TCGA-AN-A0XO-01,0.07670892,-0.07700302
TCGA-AN-A0XP-01,-0.034505185,0.02345066
TCGA-AN-A0XR-01,0.008515054,-0.02652014
TCGA-AN-A0XS-01,0.0636704,-0.03315585
TCGA-AN-A0XT-01,0.016762208,-0.002147948
TCGA-AN-A0XU-01,-0.011508164,0.039369375
TCGA-AN-A0XV-01,0.061203934,0.020520687
TCGA-AN-A0XW-01,-0.01089568,-0.067864925
TCGA-AO-A03L-01,-0.04227535,-0.009282539
TCGA-AO-A03M-01,-0.019069877,-0.05262218
TCGA-AO-A03N-01,-0.0015174672,0.05379159
TCGA-AO-A03O-01,-0.015527346,0.0008373383
TCGA-AO-A03P-01,0.010295125,-0.10241659
TCGA-AO-A03R-01,0.011762557,0.025127897
TCGA-AO-A03T-01,-0.04297058,0.010458169
TCGA-AO-A03U-01,0.034887455,0.00040961074
TCGA-AO-A03V-01,0.0017189905,-0.039993636
TCGA-AO-A0J2-01,0.012181675,-0.0036280435
TCGA-AO-A0J3-01,0.016753241,-0.06573815
TCGA-AO-A0J4-01,0.011003811,0.004037433
TCGA-AO-A0J5-01,-0.027082331,0.030375674
TCGA-AO-A0J6-01,0.005608316,0.03274017
TCGA-AO-A0J7-01,-0.027096596,-0.0012815557
TCGA-AO-A0J8-01,0.02663424,-0.004212384
TCGA-AO-A0J9-01,0.028549058,0.06285952
TCGA-AO-A0JA-01,0.009741792,0.042938206
TCGA-AO-A0JB-01,-0.0054200906,0.00017061736
TCGA-AO-A0JC-01,0.011239289,0.031020463
TCGA-AO-A0JD-01,-0.00038481381,-0.0008402693
TCGA-AO-A0JE-01,-0.012399366,-0.042027567
TCGA-AO-A0JF-01,-0.022359652,-0.053080577
TCGA-AO-A0JG-01,-0.0029840972,-0.003924108
TCGA-AO-A0JI-01,0.024604106,-0.032505028
TCGA-AO-A0JJ-01,-0.024691409,0.07134123
TCGA-AO-A0JL-01,0.021105826,0.013780944
TCGA-AO-A0JM-01,-0.025274761,-0.008276942
TCGA-AO-A124-01,0.0053326027,0.030217724
TCGA-AO-A125-01,0.012562275,-0.019328738
TCGA-AO-A126-01,0.05706211,0.0009884252
TCGA-AO-A128-01,0.051072158,-0.027894223
TCGA-AO-A129-01,0.038691666,-0.01893768
TCGA-AO-A12A-01,0.0005170407,-0.029023077
TCGA-AO-A12B-01,-0.0048285862,0.014975147
TCGA-AO-A12C-01,-0.0019434345,0.026895626
TCGA-AO-A12D-01,-0.002304144,0.037821352
TCGA-AO-A12E-01,0.030682722,-0.006413876
TCGA-AO-A12F-01,-0.0017134817,0.004559334
TCGA-AO-A12G-01,-0.008952333,0.01384208
TCGA-AO-A12H-01,0.013689414,0.03218367
TCGA-AO-A1KO-01,0.030498968,-0.04701306
TCGA-AO-A1KP-01,0.015724126,-0.027334973
TCGA-AO-A1KQ-01,0.010921521,0.006121071
TCGA-AO-A1KR-01,0.03115424,-0.010223474
TCGA-AO-A1KS-01,0.019129056,-0.0022225382
TCGA-AO-A1KT-01,-0.14886071,0.0072883433
TCGA-AQ-A04H-01,0.055688456,-0.0061192373
TCGA-AQ-A04J-01,0.01067358,0.04312182
TCGA-AQ-A04L-01,0.035679832,-0.022688285
TCGA-AQ-A0Y5-01,0.07675006,-0.07893694
TCGA-AQ-A1H2-01,0.0081076585,0.044100706
TCGA-AQ-A1H3-01,0.011339926,0.102028355
TCGA-AQ-A54N-01,0.001353912,0.016939815
TCGA-AQ-A54O-01,-0.10723966,-0.072358534
TCGA-AQ-A7U7-01,-0.081036925,-0.011026948
TCGA-AR-A0TP-01,0.04540199,-0.03441023
TCGA-AR-A0TQ-01,-0.021948893,-0.03860695
TCGA-AR-A0TR-01,-0.022165319,-0.061458543
TCGA-AR-A0TS-01,-0.03083616,-0.005676122
TCGA-AR-A0TT-01,0.027811626,-0.003320342
TCGA-AR-A0TU-01,0.0008117892,0.036800697
TCGA-AR-A0TV-01,0.030082157,0.013171261
TCGA-AR-A0TW-01,0.045468975,0.050724898
TCGA-AR-A0TX-01,0.026360309,0.1408914
TCGA-AR-A0TY-01,-0.003851749,0.014865742
TCGA-AR-A0TZ-01,0.009260971,0.028434783
TCGA-AR-A0U0-01,-0.0075840224,-0.05718919
TCGA-AR-A0U1-01,0.16627862,0.075830676
TCGA-AR-A0U2-01,-0.0060634594,0.0012746602
TCGA-AR-A0U3-01,0.023057513,-0.011623561
TCGA-AR-A0U4-01,0.015561636,0.047497116
TCGA-AR-A1AH-01,0.007861639,-0.0036167554
TCGA-AR-A1AI-01,-0.025598109,-0.0066435304
TCGA-AR-A1AJ-01,0.07892217,0.11363983
TCGA-AR-A1AK-01,0.011035434,0.0005861361
TCGA-AR-A1AL-01,0.022773275,0.02539956
TCGA-AR-A1AM-01,-0.023570038,-0.023665909
TCGA-AR-A1AN-01,-0.023012444,0.065956995
TCGA-AR-A1AO-01,0.010693716,-0.010246829
TCGA-AR-A1AP-01,-0.018009735,-0.027138785
TCGA-AR-A1AQ-01,0.0050235456,0.0037199855
TCGA-AR-A1AR-01,0.09765562,0.0043561095
TCGA-AR-A1AS-01,0.0038262135,0.033999782
TCGA-AR-A1AT-01,-0.044627395,-0.04793191
TCGA-AR-A1AU-01,-0.0018052505,0.045763265
TCGA-AR-A1AV-01,-0.08387207,0.045316704
TCGA-AR-A1AW-01,-0.0022277369,0.08529618
TCGA-AR-A1AX-01,-0.02721793,0.03707632
TCGA-AR-A1AY-01,0.016645823,0.002766532
TCGA-AR-A24H-01,0.052215107,-0.035661668
TCGA-AR-A24K-01,0.005899327,0.00064156577
TCGA-AR-A24L-01,0.011165612,-0.034520306
TCGA-AR-A24M-01,0.041665245,0.006209134
TCGA-AR-A24N-01,-0.0599237,0.022043345
TCGA-AR-A24O-01,0.016255293,-0.004343766
TCGA-AR-A24P-01,-0.022030735,0.06625857
TCGA-AR-A24Q-01,-0.007520335,-0.049493574
TCGA-AR-A24R-01,-0.008039724,-0.035678774
TCGA-AR-A24S-01,0.011670808,0.032784835
TCGA-AR-A24T-01,-0.06012801,0.06447275
TCGA-AR-A24U-01,-0.013324782,0.024205668
TCGA-AR-A24V-01,-0.06682852,0.0014242543
TCGA-AR-A24W-01,-0.039998166,0.055219427
TCGA-AR-A24X-01,0.049064294,0.010360695
TCGA-AR-A24Z-01,0.02178967,-0.0069658197
TCGA-AR-A250-01,0.05661623,-0.034956925
TCGA-AR-A251-01,0.042667788,0.05252721
TCGA-AR-A252-01,0.043418568,-0.0020720316
TCGA-AR-A254-01,-0.10760563,-0.030949729
TCGA-AR-A255-01,-0.03559428,0.09449789
TCGA-AR-A256-01,0.009656977,-0.012506326
TCGA-AR-A2LE-01,0.033206314,0.0052492525
TCGA-AR-A2LH-01,-0.034870237,0.008295521
TCGA-AR-A2LJ-01,-0.012733238,-0.011785031
TCGA-AR-A2LK-01,0.053255063,0.0076246895
TCGA-AR-A2LL-01,-0.019432213,0.0029445733
TCGA-AR-A2LM-01,0.069825366,-0.036987342
TCGA-AR-A2LN-01,0.02091215,-0.026659522
TCGA-AR-A2LO-01,-0.022649562,0.039643735
TCGA-AR-A2LQ-01,0.0051999344,7.972802e-05
TCGA-AR-A2LR-01,0.046801947,-0.007489968
TCGA-AR-A5QM-01,0.015764298,-0.00979734
TCGA-AR-A5QN-01,0.045837827,-0.013768127
TCGA-AR-A5QP-01,0.036984596,0.0005789604
TCGA-AR-A5QQ-01,0.045295052,0.022518687
TCGA-B6-A0I1-01,-0.02829878,0.040570468
TCGA-B6-A0I2-01,0.030560954,0.014963941
TCGA-B6-A0I5-01,-0.012207689,0.011891126
TCGA-B6-A0I6-01,-0.03197596,0.02135767
TCGA-B6-A0I8-01,0.007104071,-0.038413614
TCGA-B6-A0I9-01,0.0017018849,0.0971876
TCGA-B6-A0IA-01,-0.008448902,-0.012142503
TCGA-B6-A0IB-01,-0.009048308,-0.009117574
TCGA-B6-A0IC-01,-0.020509632,0.031086247
TCGA-B6-A0IE-01,0.017692095,-0.018572235
TCGA-B6-A0IG-01,0.029029088,-0.057968948
TCGA-B6-A0IH-01,-0.062599406,-0.010244422
TCGA-B6-A0IJ-01,-0.02273149,-0.019223142
TCGA-B6-A0IK-01,-0.079224296,0.007975621
TCGA-B6-A0IM-01,-0.012419101,-0.0078119263
TCGA-B6-A0IN-01,-0.0052750465,-0.07123302
TCGA-B6-A0IO-01,-0.008239642,-0.016056404
TCGA-B6-A0IP-01,-0.021749396,-0.0013164924
TCGA-B6-A0IQ-01,-0.014947379,0.002870195
TCGA-B6-A0RE-01,-0.052007526,0.11697296
TCGA-B6-A0RG-01,0.013386799,0.061587263
TCGA-B6-A0RH-01,0.011961337,-0.02875153
TCGA-B6-A0RI-01,-0.017246736,0.021114321
TCGA-B6-A0RL-01,0.05519356,0.018686512
TCGA-B6-A0RM-01,-0.023447696,0.014587669
TCGA-B6-A0RN-01,0.045164164,-0.034753405
TCGA-B6-A0RO-01,0.011861698,-0.007536388
TCGA-B6-A0RP-01,-0.009520857,-0.0046320464
TCGA-B6-A0RQ-01,-0.0034870321,0.03212689
TCGA-B6-A0RS-01,-0.0052053314,-0.0568143
TCGA-B6-A0RT-01,0.002437591,0.033071555
TCGA-B6-A0RU-01,0.03556108,0.0033243229
TCGA-B6-A0RV-01,-0.002100477,-0.0051604435
TCGA-B6-A0WS-01,-0.02713556,0.04693274
TCGA-B6-A0WT-01,0.036755677,-0.0002733253
TCGA-B6-A0WV-01,-0.006917177,-0.025951019
TCGA-B6-A0WW-01,0.054139245,-0.006824681
TCGA-B6-A0WX-01,-0.041355565,0.016135622
TCGA-B6-A0WY-01,0.012744244,0.02359516
TCGA-B6-A0WZ-01,0.017437283,0.04807462
TCGA-B6-A0X0-01,0.027332773,-0.006440254
TCGA-B6-A0X1-01,0.006767136,-0.032037128
TCGA-B6-A0X4-01,0.017780753,-0.018567624
TCGA-B6-A0X5-01,-0.0625188,-0.03433819
TCGA-B6-A0X7-01,0.11525434,-0.047140904
TCGA-B6-A1KC-01,-0.012950068,0.03578636
TCGA-B6-A1KF-01,-0.00042745098,-0.022263434
TCGA-B6-A1KI-01,0.051345002,-0.0077512693
TCGA-B6-A1KN-01,0.015402039,-0.08607177
TCGA-B6-A2IU-01,-0.009872496,-0.0058719395
TCGA-B6-A3ZX-01,0.05041002,-0.05115954
TCGA-B6-A400-01,0.014669783,-0.017001567
TCGA-B6-A401-01,-0.028971184,-0.0672459
TCGA-B6-A402-01,-0.014569128,-0.0249887
TCGA-B6-A408-01,-0.0031022634,0.010878036
TCGA-B6-A409-01,0.010472229,-0.041869298
TCGA-B6-A40B-01,0.0065059937,0.070525445
TCGA-B6-A40C-01,-0.014354106,0.05403368
TCGA-BH-A0AU-01,0.013602691,-0.054218818
TCGA-BH-A0AU-11,0.0055433046,0.05422518
TCGA-BH-A0AV-01,-0.004407415,-0.031494733
TCGA-BH-A0AW-01,0.0011437917,0.028537622
TCGA-BH-A0AY-01,0.121332444,0.043643802
TCGA-BH-A0AY-11,-0.036762286,0.016572673
TCGA-BH-A0AZ-01,0.02668544,-0.04046839
TCGA-BH-A0AZ-11,0.021636538,0.014284307
TCGA-BH-A0B0-01,0.051408693,0.0050127897
TCGA-BH-A0B1-01,-0.05776876,-0.02320303
TCGA-BH-A0B3-01,-0.028828133,0.014136355
TCGA-BH-A0B3-11,0.024419261,0.0188995
TCGA-BH-A0B4-01,-0.0010583852,-0.011980845
TCGA-BH-A0B5-01,-0.02358783,-0.0044941884
TCGA-BH-A0B5-11,0.002034991,-0.0439261
TCGA-BH-A0B6-01,-0.06732786,-0.028746689
TCGA-BH-A0B7-01,0.06657931,0.032895885
TCGA-BH-A0B7-11,0.026131518,-0.0025939106
TCGA-BH-A0B8-01,0.018269831,-0.024226947
TCGA-BH-A0B8-11,-0.005545945,-0.007417718
TCGA-BH-A0B9-01,-0.065037206,-0.09315358
TCGA-BH-A0BA-01,0.013201028,-0.024797406
TCGA-BH-A0BA-11,0.012961155,-0.08807803
TCGA-BH-A0BC-01,0.027199034,-0.024815992
TCGA-BH-A0BC-11,0.020102372,-0.015975378
TCGA-BH-A0BD-01,0.0034643929,0.0031068847
TCGA-BH-A0BF-01,-0.024158802,-0.024284584
TCGA-BH-A0BF-11,-0.0364861,-0.051240668
TCGA-BH-A0BG-01,-0.026879586,-0.070989735
TCGA-BH-A0BJ-01,-0.011158794,-0.013321824
TCGA-BH-A0BJ-11,-0.0053244107,0.07199832
TCGA-BH-A0BL-01,-0.009203915,-0.018384771
TCGA-BH-A0BM-01,-0.102248855,0.0057504433
TCGA-BH-A0BM-11,-0.013927374,-0.028589657
TCGA-BH-A0BO-01,-0.04059274,0.025467848
TCGA-BH-A0BP-01,-0.012080673,0.0066738822
TCGA-BH-A0BQ-01,0.012302222,0.013461066
TCGA-BH-A0BQ-11,-0.037885685,0.003664953
TCGA-BH-A0BR-01,-0.24946876,0.12929748
TCGA-BH-A0BS-01,0.020698957,0.016943932
TCGA-BH-A0BS-11,0.006348164,-0.025861258
TCGA-BH-A0BT-01,-0.052531704,0.03139263
TCGA-BH-A0BT-11,0.04037448,-0.019856252
TCGA-BH-A0BV-01,-0.032777287,-0.026015213
TCGA-BH-A0BV-11,-0.025309779,0.0049272305
TCGA-BH-A0BW-01,0.013966577,0.0024260338
TCGA-BH-A0BW-11,0.11723213,0.08285451
TCGA-BH-A0BZ-01,-9.416603e-06,0.001496281
TCGA-BH-A0BZ-11,-0.067545496,-0.022967331
TCGA-BH-A0C0-01,0.05550176,0.01577256
TCGA-BH-A0C0-11,-0.016519617,0.017042063
TCGA-BH-A0C1-01,-0.0124071725,0.0012306571
TCGA-BH-A0C3-01,0.015915569,0.0062733116
TCGA-BH-A0C3-11,-0.051802676,-0.0003388592
TCGA-BH-A0C7-01,-0.009524744,-0.02004287
TCGA-BH-A0DD-01,0.010871275,0.016821377
TCGA-BH-A0DD-11,-0.005566993,0.037159804
TCGA-BH-A0DE-01,-0.016341668,0.032683264
TCGA-BH-A0DG-01,-0.026926637,-0.025855742
TCGA-BH-A0DG-11,-0.018989647,0.0074112294
TCGA-BH-A0DH-01,0.03954088,-0.011747841
TCGA-BH-A0DH-11,-0.03442651,-0.004619182
TCGA-BH-A0DI-01,-0.0099206725,0.02416757
TCGA-BH-A0DI-11,-0.024148209,0.052018758
TCGA-BH-A0DK-01,-0.007999508,0.028745253
TCGA-BH-A0DK-11,-0.014993922,-0.0550927
TCGA-BH-A0DL-01,-0.015087324,0.047392786
TCGA-BH-A0DL-11,-0.0931173,0.023951413
TCGA-BH-A0DO-01,-0.015524631,-0.060289923
TCGA-BH-A0DO-11,0.011915393,0.0031244326
TCGA-BH-A0DP-01,0.004696384,0.032693587
TCGA-BH-A0DP-11,0.04278229,0.01483793
TCGA-BH-A0DQ-01,0.018029574,0.053313285
TCGA-BH-A0DQ-11,-0.056521557,-0.0021237885
TCGA-BH-A0DS-01,-0.007058272,-0.010201368
TCGA-BH-A0DT-01,0.0055806004,-0.0031188685
TCGA-BH-A0DT-11,0.0052698245,0.012838405
TCGA-BH-A0DV-01,-0.053800467,0.04257977
TCGA-BH-A0DV-11,-0.01665879,0.0014301375
TCGA-BH-A0DX-01,0.00049866457,0.0065102754
TCGA-BH-A0DZ-01,0.004757447,-0.027770666
TCGA-BH-A0DZ-11,0.0027223546,-0.031968143
TCGA-BH-A0E0-01,-0.041909233,0.046280205
TCGA-BH-A0E0-11,-0.042550042,-0.060899243
TCGA-BH-A0E1-01,-0.008573759,-0.041286405
TCGA-BH-A0E1-11,-0.016797764,0.0415226
TCGA-BH-A0E2-01,-0.013025055,0.00094070146
TCGA-BH-A0E6-01,0.03134254,0.02436523
TCGA-BH-A0E7-01,0.02811913,0.0322188
TCGA-BH-A0E9-01,-0.0087111145,0.0116459895
TCGA-BH-A0EA-01,0.031852636,0.01733733
TCGA-BH-A0EB-01,0.013136324,-0.026929468
TCGA-BH-A0EE-01,-0.00178733,-0.02531041
TCGA-BH-A0EI-01,-0.003658012,-0.010428732
TCGA-BH-A0GY-01,-0.03759256,0.017394744
TCGA-BH-A0GZ-01,0.007778576,0.11192658
TCGA-BH-A0H0-01,-0.015961573,-0.045620985
TCGA-BH-A0H3-01,-0.0062680575,-0.0026565008
TCGA-BH-A0H5-01,0.024843208,-0.045240328
TCGA-BH-A0H5-11,0.009450119,0.08103156
TCGA-BH-A0H6-01,0.0012891404,-0.0020114435
TCGA-BH-A0H7-01,-0.025220072,0.018173473
TCGA-BH-A0H7-11,0.029596504,-0.0043491246
TCGA-BH-A0H9-01,-0.039140917,0.033814497
TCGA-BH-A0H9-11,-0.03761178,-0.059590507
TCGA-BH-A0HA-01,-0.022533244,0.015254829
TCGA-BH-A0HA-11,-0.026898101,-0.07542628
TCGA-BH-A0HB-01,0.09396132,-0.025749031
TCGA-BH-A0HF-01,0.025813041,-0.010108827
TCGA-BH-A0HI-01,0.019376094,0.013714082
TCGA-BH-A0HK-01,0.01824608,0.01980604
TCGA-BH-A0HK-11,-0.0071738414,0.012888215
TCGA-BH-A0HL-01,-0.017408436,-0.008179434
TCGA-BH-A0HN-01,-0.0032489952,-0.011409792
TCGA-BH-A0HO-01,0.028763998,0.0015909951
TCGA-BH-A0HP-01,0.009224887,0.020927798
TCGA-BH-A0HQ-01,-0.03380746,0.013657472
TCGA-BH-A0HU-01,-0.112313636,-0.101490125
TCGA-BH-A0HW-01,0.061589494,0.008802969
TCGA-BH-A0HX-01,0.0855333,-0.018061377
TCGA-BH-A0HY-01,0.0014555659,-0.05762224
TCGA-BH-A0RX-01,0.075294554,0.0035019398
TCGA-BH-A0W3-01,-0.031884976,-0.011749852
TCGA-BH-A0W4-01,-0.0026315525,-0.044932134
TCGA-BH-A0W5-01,-0.047847375,-0.0589833
TCGA-BH-A0W7-01,0.030271359,0.035300296
TCGA-BH-A0WA-01,0.0006253477,-0.09330959
TCGA-BH-A18F-01,-0.020998199,0.008856181
TCGA-BH-A18G-01,-0.003345522,-0.018479487
TCGA-BH-A18H-01,0.102294706,0.018158909
TCGA-BH-A18I-01,-0.023050496,-0.02468357
TCGA-BH-A18J-01,-0.02714238,-0.009565964
TCGA-BH-A18J-11,-0.0007913797,0.0537661
TCGA-BH-A18K-01,-0.013312884,0.006701477
TCGA-BH-A18K-11,-0.04133845,0.006283246
TCGA-BH-A18L-01,0.056064233,-0.07519852
TCGA-BH-A18L-11,-0.07920268,0.009223598
TCGA-BH-A18M-01,-0.009950703,-0.03273793
TCGA-BH-A18M-11,-0.06212838,-0.023548964
TCGA-BH-A18N-01,0.013409285,0.043859676
TCGA-BH-A18N-11,-0.02916846,0.07926646
TCGA-BH-A18P-01,-0.010922495,-0.0024471232
TCGA-BH-A18P-11,-0.023359768,-0.013251841
TCGA-BH-A18Q-01,-0.068549015,-0.0317445
TCGA-BH-A18Q-11,0.011043176,0.0279061
TCGA-BH-A18R-01,-0.09328947,0.03341606
TCGA-BH-A18R-11,0.0008823865,0.036132224
TCGA-BH-A18S-01,-0.04773282,-0.051293805
TCGA-BH-A18S-11,0.026970824,-0.013452751
TCGA-BH-A18T-01,0.03716745,-0.020534799
TCGA-BH-A18U-01,0.011689998,0.029828511
TCGA-BH-A18U-11,0.035334602,-0.0042922907
TCGA-BH-A18V-01,-0.0073265163,0.09966099
TCGA-BH-A18V-06,0.008685577,0.033094656
TCGA-BH-A18V-11,0.025676712,-0.0009399173
TCGA-BH-A1EN-01,-0.011570875,-0.001792008
TCGA-BH-A1EN-11,-0.033046782,-0.04518312
TCGA-BH-A1EO-01,0.00802417,-0.018125724
TCGA-BH-A1EO-11,-0.0496321,0.040031508
TCGA-BH-A1ES-01,0.08151545,-0.013763443
TCGA-BH-A1ES-06,0.04252319,-0.012246571
TCGA-BH-A1ES-11,-0.041975163,0.055941995
TCGA-BH-A1ET-01,0.028749077,0.040318284
TCGA-BH-A1ET-11,0.013660496,-0.060572688
TCGA-BH-A1EU-01,-0.0746917,-0.12097845
TCGA-BH-A1EU-11,-0.0054080477,0.021285936
TCGA-BH-A1EV-01,-0.051377907,0.030502362
TCGA-BH-A1EV-11,-0.061348632,0.006534453
TCGA-BH-A1EW-01,-0.057014883,0.030273037
TCGA-BH-A1EW-11,0.008000939,-0.037776448
TCGA-BH-A1EX-01,-0.117558874,-0.025107931
TCGA-BH-A1EY-01,-0.026093623,-0.027772017
TCGA-BH-A1EY-11,-0.1924516,-0.010092461
TCGA-BH-A1F0-01,0.04249355,-0.02298032
TCGA-BH-A1F0-11,-0.038407598,0.002434275
TCGA-BH-A1F2-01,0.02943907,0.025329867
TCGA-BH-A1F2-11,-0.016049907,-0.04589006
TCGA-BH-A1F5-01,-0.04833649,-0.0014385507
TCGA-BH-A1F5-11,-0.00041342247,-0.014278853
TCGA-BH-A1F6-01,0.0034028701,-0.007041921
TCGA-BH-A1F6-11,-0.0060732714,-0.040768415
TCGA-BH-A1F8-01,0.01254768,0.03472076
TCGA-BH-A1F8-11,0.00284453,-0.0030739352
TCGA-BH-A1FB-01,-0.061571557,-0.043309968
TCGA-BH-A1FB-11,-0.032396555,-0.034870267
TCGA-BH-A1FC-01,-0.006815854,0.023782412
TCGA-BH-A1FC-11,-0.02177653,-0.015185785
TCGA-BH-A1FD-01,-0.0070939693,-2.3070199e-05
TCGA-BH-A1FD-11,0.008219945,0.019296708
TCGA-BH-A1FE-01,-0.0041068895,0.009423282
TCGA-BH-A1FE-06,0.017916232,-0.017894339
TCGA-BH-A1FE-11,0.016095381,-0.06400802
TCGA-BH-A1FG-01,-0.011132311,0.057071466
TCGA-BH-A1FG-11,0.019043555,0.03904809
TCGA-BH-A1FH-01,0.008422209,0.0059956973
TCGA-BH-A1FH-11,-0.0065512215,0.00887427
TCGA-BH-A1FJ-01,-0.012616769,-0.06156416
TCGA-BH-A1FJ-11,-0.009896828,0.026315585
TCGA-BH-A1FL-01,-0.004950273,0.026774194
TCGA-BH-A1FM-01,0.03004126,0.017811626
TCGA-BH-A1FM-11,-0.0005970411,0.072866276
TCGA-BH-A1FN-01,0.108247384,-0.013685591
TCGA-BH-A1FN-11,0.010785966,0.014269452
TCGA-BH-A1FR-01,0.013083916,-0.015833424
TCGA-BH-A1FR-11,0.026575737,-0.038146798
TCGA-BH-A1FU-01,-0.0143593475,-0.006165708
TCGA-BH-A1FU-11,0.007742269,0.054678865
TCGA-BH-A201-01,0.0007049008,-0.0052870293
TCGA-BH-A202-01,-0.0409331,-0.007606836
TCGA-BH-A203-01,0.047064364,0.0075665573
TCGA-BH-A203-11,0.03321521,-0.041335333
TCGA-BH-A204-01,-0.0024725003,0.008381164
TCGA-BH-A204-11,-0.0075528333,-0.024044111
TCGA-BH-A208-01,0.04257972,-0.02425841
TCGA-BH-A208-11,-0.014119819,-0.0231106
TCGA-BH-A209-01,-0.06121019,-0.023956673
TCGA-BH-A209-11,0.122741014,0.06693425
TCGA-BH-A28O-01,0.015594488,0.023445193
TCGA-BH-A28Q-01,0.07195775,0.005417031
TCGA-BH-A2L8-01,0.02446519,0.0038653133
TCGA-BH-A42T-01,-0.05798436,0.003243971
TCGA-BH-A42U-01,-0.009422632,0.016185997
TCGA-BH-A42V-01,-0.0226606,-0.0059102485
TCGA-BH-A5IZ-01,-0.0032336211,0.000101369114
TCGA-BH-A5J0-01,-0.010183075,0.0036024363
TCGA-BH-A6R8-01,0.0706535,0.12961599
TCGA-BH-A6R9-01,0.0055151447,0.00014207803
TCGA-BH-A8FY-01,0.038532756,0.017998546
TCGA-BH-A8FZ-01,-0.014800802,-0.009841943
TCGA-BH-A8G0-01,0.02255308,-0.010069033
TCGA-BH-AB28-01,-0.015823323,-0.03581253
TCGA-C8-A12L-01,-0.011018867,-0.043619744
TCGA-C8-A12M-01,0.02592805,-0.050139368
TCGA-C8-A12N-01,0.0075653736,-0.061993573
TCGA-C8-A12O-01,-0.18567178,-0.14042018
TCGA-C8-A12P-01,0.0354353,-0.14409213
TCGA-C8-A12Q-01,0.03777398,0.00902045
TCGA-C8-A12U-01,0.013561308,-0.02492822
TCGA-C8-A12V-01,-0.04544006,-0.0060598906
TCGA-C8-A12W-01,0.026943058,0.0028409564
TCGA-C8-A12X-01,-0.00028058328,0.11193696
TCGA-C8-A12Y-01,-0.017712178,0.00022921711
TCGA-C8-A12Z-01,0.017341442,0.03882654
TCGA-C8-A130-01,0.014955548,0.05381732
TCGA-C8-A131-01,-0.0367933,0.01795721
TCGA-C8-A132-01,-0.0058169058,0.059868533
TCGA-C8-A134-01,0.019392546,0.003560829
TCGA-C8-A135-01,-0.08181056,-0.035793792
TCGA-C8-A137-01,0.037473924,-0.13421005
TCGA-C8-A138-01,0.042772986,0.04724725
TCGA-C8-A1HE-01,0.014006577,0.017590653
TCGA-C8-A1HF-01,-0.025779493,-0.02735338
TCGA-C8-A1HG-01,-0.028196935,-0.12746981
TCGA-C8-A1HI-01,0.06099806,-0.004620593
TCGA-C8-A1HJ-01,-0.011302138,-0.009150375
TCGA-C8-A1HK-01,0.0061932467,0.05112855
TCGA-C8-A1HL-01,0.031738993,-0.025385493
TCGA-C8-A1HM-01,-0.019988406,0.017302675
TCGA-C8-A1HN-01,-0.008886863,0.017429706
TCGA-C8-A1HO-01,0.012581457,0.046189286
TCGA-C8-A26V-01,0.024834953,0.03456807
TCGA-C8-A26W-01,0.02433343,0.029513357
TCGA-C8-A26X-01,-0.004115371,0.0038556606
TCGA-C8-A26Y-01,0.031123266,0.025872383
TCGA-C8-A26Z-01,0.035934344,0.032573402
TCGA-C8-A273-01,0.051330872,0.07276546
TCGA-C8-A274-01,0.0035506366,0.07870217
TCGA-C8-A275-01,-0.0074092876,-0.0036386345
TCGA-C8-A278-01,-0.048923552,0.17667562
TCGA-C8-A27A-01,-0.01050058,-0.008474487
TCGA-C8-A27B-01,0.018080277,0.058643505
TCGA-C8-A3M7-01,-0.027879579,0.003383192
TCGA-C8-A3M8-01,-0.014144983,-0.0035040071
TCGA-C8-A8HP-01,-0.008609301,0.012153216
TCGA-C8-A8HQ-01,0.06491701,0.0032052128
TCGA-C8-A8HR-01,0.0012259213,-0.038806494
TCGA-C8-A9FZ-01,0.027593033,0.097323574
TCGA-D8-A13Y-01,-0.043828268,0.02905517
TCGA-D8-A13Z-01,0.016487416,-0.02823985
TCGA-D8-A140-01,0.025757775,0.053201746
TCGA-D8-A141-01,0.03849317,0.036854815
TCGA-D8-A142-01,-0.002250189,-0.032556977
TCGA-D8-A143-01,-0.03265012,-0.0022818884
TCGA-D8-A145-01,-0.0356252,0.018361464
TCGA-D8-A146-01,0.0029977341,-0.031553686
TCGA-D8-A147-01,0.0569372,0.008768934
TCGA-D8-A1J8-01,0.065010294,-0.006999066
TCGA-D8-A1J9-01,0.022388432,0.040045157
TCGA-D8-A1JA-01,0.08900984,0.072853014
TCGA-D8-A1JB-01,-0.01675684,0.0058166953
TCGA-D8-A1JC-01,-0.04417934,0.04139793
TCGA-D8-A1JD-01,0.030620314,0.0011717717
TCGA-D8-A1JE-01,-0.032967567,-0.028210038
TCGA-D8-A1JF-01,-0.045089863,-0.030468691
TCGA-D8-A1JG-01,0.058727406,0.07919971
TCGA-D8-A1JH-01,0.0764675,-0.18737656
TCGA-D8-A1JI-01,0.014724022,-0.06851354
TCGA-D8-A1JJ-01,-0.008788946,0.04693639
TCGA-D8-A1JK-01,0.0056049265,-0.015255613
TCGA-D8-A1JL-01,-0.023990044,0.021587696
TCGA-D8-A1JM-01,0.089748584,-0.026850445
TCGA-D8-A1JN-01,-0.019022645,0.10612422
TCGA-D8-A1JP-01,0.0030881418,0.031537686
TCGA-D8-A1JS-01,0.025834288,0.02201954
TCGA-D8-A1JT-01,-0.01666143,0.020335028
TCGA-D8-A1JU-01,0.00047058053,-0.018034004
TCGA-D8-A1X5-01,-0.03889237,0.017151931
TCGA-D8-A1X6-01,-0.020680789,0.022231188
TCGA-D8-A1X7-01,-0.00026491185,-0.010685951
TCGA-D8-A1X8-01,0.043141223,-0.019313632
TCGA-D8-A1X9-01,-0.029987141,0.03793955
TCGA-D8-A1XA-01,0.008032239,-0.043319065
TCGA-D8-A1XB-01,-0.08202843,0.06489615
TCGA-D8-A1XC-01,0.008690495,0.0032092743
TCGA-D8-A1XD-01,0.009223467,-0.00040201284
TCGA-D8-A1XF-01,-0.023251615,0.030465277
TCGA-D8-A1XG-01,-0.0008394636,0.044651665
TCGA-D8-A1XJ-01,0.0021896225,0.019509898
TCGA-D8-A1XK-01,0.0045826053,0.006495422
TCGA-D8-A1XL-01,0.044195473,0.020682909
TCGA-D8-A1XM-01,-0.14947607,-0.035493232
TCGA-D8-A1XO-01,0.00010066942,0.08588581
TCGA-D8-A1XQ-01,-0.06749807,0.013454701
TCGA-D8-A1XR-01,0.0315736,-0.19659752
TCGA-D8-A1XS-01,0.038459525,-0.040741693
TCGA-D8-A1XT-01,0.027942065,-0.011802508
TCGA-D8-A1XU-01,-0.056423705,-0.0116145
TCGA-D8-A1XV-01,-0.15422033,-0.09123565
TCGA-D8-A1XW-01,-0.009823669,-0.015488233
TCGA-D8-A1XY-01,-0.0058870977,-0.024863835
TCGA-D8-A1XZ-01,0.034167517,-0.005563077
TCGA-D8-A1Y0-01,-0.030400649,-0.0007075332
TCGA-D8-A1Y1-01,0.009471099,-0.015045955
TCGA-D8-A1Y2-01,0.0006731674,-0.028793141
TCGA-D8-A1Y3-01,-0.08178716,0.0054502203
TCGA-D8-A27E-01,-0.018489998,0.010111981
TCGA-D8-A27F-01,0.03301216,-0.013653565
TCGA-D8-A27G-01,0.008046832,-0.085429996
TCGA-D8-A27H-01,0.043650687,0.014515549
TCGA-D8-A27I-01,0.029942183,-0.05159478
TCGA-D8-A27K-01,0.036314383,-0.022257406
TCGA-D8-A27L-01,-0.017398426,0.036644448
TCGA-D8-A27M-01,-0.014290864,-0.020285055
TCGA-D8-A27N-01,0.052205894,0.013162226
TCGA-D8-A27P-01,0.0069258413,0.0016933838
TCGA-D8-A27R-01,0.037972756,-0.020652838
TCGA-D8-A27T-01,-0.04030529,-0.018275786
TCGA-D8-A27V-01,0.011086372,0.13581331
TCGA-D8-A27W-01,-0.01939773,-0.011587615
TCGA-D8-A3Z5-01,-0.08565399,0.012705913
TCGA-D8-A3Z6-01,0.03820068,0.06774078
TCGA-D8-A4Z1-01,-0.01463885,0.053032454
TCGA-D8-A73U-01,-0.004155456,-0.013814651
TCGA-D8-A73W-01,-0.024636427,-0.039056215
TCGA-D8-A73X-01,0.015739955,0.019061396
TCGA-E2-A105-01,-0.05113033,0.12925541
TCGA-E2-A106-01,0.12628065,0.039778035
TCGA-E2-A107-01,0.0037513277,0.020318218
TCGA-E2-A108-01,-0.041698992,0.080578856
TCGA-E2-A109-01,0.015799632,0.014913579
TCGA-E2-A10A-01,-0.0088720815,0.006343553
TCGA-E2-A10B-01,0.068442315,0.06137389
TCGA-E2-A10C-01,-0.01724249,0.035194006
TCGA-E2-A10E-01,0.015524406,0.030522803
TCGA-E2-A10F-01,0.010779232,-0.033281606
TCGA-E2-A14N-01,-0.0017513419,-0.005081555
TCGA-E2-A14O-01,0.033539806,-0.018738631
TCGA-E2-A14P-01,0.09884064,0.008004014
TCGA-E2-A14Q-01,-0.033644266,0.08509654
TCGA-E2-A14R-01,0.0027820612,0.04007767
TCGA-E2-A14S-01,-0.066138655,0.03296034
TCGA-E2-A14T-01,-0.013430465,-0.0033032112
TCGA-E2-A14U-01,0.017964413,-0.00977302
TCGA-E2-A14V-01,-0.012854924,-0.012238494
TCGA-E2-A14W-01,0.07562159,-0.005846062
TCGA-E2-A14X-01,-0.038387217,0.050999533
TCGA-E2-A14Y-01,-0.012780518,0.03682617
TCGA-E2-A14Z-01,0.013600757,-0.0019002871
TCGA-E2-A150-01,-0.021113152,0.059003662
TCGA-E2-A152-01,-0.04212055,0.039524257
TCGA-E2-A153-01,-0.014016635,0.0028003724
TCGA-E2-A153-11,-0.11030843,-0.03249983
TCGA-E2-A154-01,-0.03370587,-0.0057351203
TCGA-E2-A155-01,-0.07721706,-0.004253746
TCGA-E2-A156-01,-0.049096547,0.045047473
TCGA-E2-A158-01,-0.032795697,0.049848326
TCGA-E2-A158-11,-0.003694646,-0.008224337
TCGA-E2-A159-01,-0.0032763402,0.027833942
TCGA-E2-A15A-01,-0.039216656,-0.00796035
TCGA-E2-A15A-06,0.0076935515,0.006508774
TCGA-E2-A15C-01,0.011237816,-0.015356968
TCGA-E2-A15D-01,-0.0016912133,0.0017729728
TCGA-E2-A15E-01,0.00013335007,0.010716275
TCGA-E2-A15E-06,0.0007048728,0.0067109354
TCGA-E2-A15F-01,0.01097278,-0.020446043
TCGA-E2-A15G-01,0.012570654,-0.036444478
TCGA-E2-A15H-01,-0.0075772232,-0.08458921
TCGA-E2-A15I-01,0.015219876,-0.020113649
TCGA-E2-A15I-11,0.010072483,0.019232739
TCGA-E2-A15J-01,-0.017497454,-0.0033172294
TCGA-E2-A15K-01,-0.038823556,0.0003153421
TCGA-E2-A15K-06,-0.0088216625,0.0045128996
TCGA-E2-A15K-11,-0.03512125,0.02690092
TCGA-E2-A15L-01,-0.023274625,0.039251015
TCGA-E2-A15M-01,-0.08962794,0.015992742
TCGA-E2-A15M-11,0.04295548,-0.07128199
TCGA-E2-A15O-01,0.079009555,0.028295813
TCGA-E2-A15P-01,0.002320975,0.017094955
TCGA-E2-A15R-01,0.0058148615,0.009496619
TCGA-E2-A15S-01,0.0024465597,0.05132219
TCGA-E2-A15T-01,-0.031162294,-0.007062874
TCGA-E2-A1AZ-01,-0.012548782,0.022442225
TCGA-E2-A1B0-01,0.0557253,-0.030018816
TCGA-E2-A1B1-01,0.08111888,0.17130527
TCGA-E2-A1B4-01,-0.019684125,0.034334905
TCGA-E2-A1B5-01,-0.005124269,-0.02851326
TCGA-E2-A1B5-11,-0.075835094,0.00027043791
TCGA-E2-A1B6-01,0.039591253,0.041826148
TCGA-E2-A1BC-01,0.027166646,0.026438747
TCGA-E2-A1BC-11,0.009167071,0.034310967
TCGA-E2-A1BD-01,0.03877053,-0.029475063
TCGA-E2-A1IE-01,-0.042320002,0.061897278
TCGA-E2-A1IF-01,0.08230139,-0.0895384
TCGA-E2-A1IF-11,-0.020197941,-0.028457075
TCGA-E2-A1IG-01,0.003204491,-0.0045363163
TCGA-E2-A1IG-11,-0.048293557,-0.030888828
TCGA-E2-A1IH-01,0.0364798,0.016593534
TCGA-E2-A1II-01,-0.026333189,0.04288101
TCGA-E2-A1II-11,-0.025358172,-0.08178093
TCGA-E2-A1IJ-01,-0.029700404,0.1221356
TCGA-E2-A1IK-01,-0.014094005,0.0022802595
TCGA-E2-A1IL-01,-0.01396634,0.016061941
TCGA-E2-A1IN-01,0.033665687,0.05323173
TCGA-E2-A1IO-01,0.016956832,0.0010221801
TCGA-E2-A1IO-11,0.016470267,0.040187176
TCGA-E2-A1IU-01,-0.037980326,0.01119696
TCGA-E2-A1L6-01,-0.010144199,-0.08432927
TCGA-E2-A1L7-01,-0.015339419,-0.021573948
TCGA-E2-A1L7-11,0.015374792,0.019927232
TCGA-E2-A1L8-01,0.0012752512,-0.0037548193
TCGA-E2-A1L9-01,0.10910291,-0.004842978
TCGA-E2-A1LA-01,-0.061437942,-0.013577381
TCGA-E2-A1LB-01,0.010181332,-0.01633353
TCGA-E2-A1LB-11,0.022033231,-0.012939891
TCGA-E2-A1LE-01,-0.021765683,-0.031831354
TCGA-E2-A1LG-01,-0.021847907,-0.00104476
TCGA-E2-A1LH-01,0.047071166,-0.013101367
TCGA-E2-A1LH-11,0.02725618,-0.011224949
TCGA-E2-A1LI-01,0.0371239,-0.013738703
TCGA-E2-A1LI-11,0.013103515,-0.0046681636
TCGA-E2-A1LK-01,-0.005206067,0.026497608
TCGA-E2-A1LL-01,-0.02604573,0.016183224
TCGA-E2-A1LS-01,-0.109129354,0.0033316948
TCGA-E2-A1LS-11,0.020756818,0.05213141
TCGA-E2-A2P5-01,-0.051479716,0.030386528
TCGA-E2-A2P6-01,0.056466937,0.015954405
TCGA-E2-A3DX-01,0.03081828,0.05868754
TCGA-E2-A56Z-01,-0.018442772,0.01654959
TCGA-E2-A570-01,-0.019206218,-0.010503096
TCGA-E2-A572-01,0.022164576,0.012850385
TCGA-E2-A573-01,-0.023882875,0.031988166
TCGA-E2-A574-01,0.035025038,0.0023888103
TCGA-E2-A576-01,0.007143829,-0.0012969093
TCGA-E2-A9RU-01,0.00981545,-0.050158087
TCGA-E9-A1N3-01,0.051423937,-0.029117452
TCGA-E9-A1N4-01,-0.018072343,0.015416689
TCGA-E9-A1N4-11,-0.043975905,-0.03674504
TCGA-E9-A1N5-01,-0.011522059,0.023230128
TCGA-E9-A1N5-11,-0.02336713,-0.016498778
TCGA-E9-A1N6-01,0.0002712533,0.004498969
TCGA-E9-A1N6-11,0.059771866,0.01213698
TCGA-E9-A1N8-01,-0.00079005584,-0.031588335
TCGA-E9-A1N8-11,0.08778838,-0.037827086
TCGA-E9-A1N9-01,-0.069688365,0.0386797
TCGA-E9-A1N9-11,-0.029346773,0.010689574
TCGA-E9-A1NA-01,-0.077996515,0.05353629
TCGA-E9-A1NA-11,-0.005983786,-0.009593716
TCGA-E9-A1NC-01,-0.0023592846,-0.009793367
TCGA-E9-A1ND-01,0.047340512,-0.0028750147
TCGA-E9-A1ND-11,0.036631197,0.030380879
TCGA-E9-A1NE-01,-0.037398912,0.003397089
TCGA-E9-A1NE-11,0.0013229046,-0.00083191006
TCGA-E9-A1NF-01,0.003981853,0.01439164
TCGA-E9-A1NF-11,-0.03946188,-0.039753616
TCGA-E9-A1NG-01,0.009260602,-0.028559374
TCGA-E9-A1NG-11,-0.01188023,0.076738544
TCGA-E9-A1NH-01,-0.0042368714,0.0037223697
TCGA-E9-A1NI-01,-0.04282017,0.022266334
TCGA-E9-A1QZ-01,-0.061723173,0.10084707
TCGA-E9-A1R0-01,0.016526895,-0.0015653986
TCGA-E9-A1R2-01,0.0010994803,-0.012573366
TCGA-E9-A1R3-01,0.079270706,-0.11200214
TCGA-E9-A1R4-01,0.021005936,0.041394424
TCGA-E9-A1R5-01,-0.013536658,-0.004205376
TCGA-E9-A1R6-01,0.012369732,-0.00094216876
TCGA-E9-A1R7-01,-0.009439155,0.022885015
TCGA-E9-A1R7-11,0.026131935,0.009470655
TCGA-E9-A1RA-01,-0.09730397,0.008328049
TCGA-E9-A1RB-01,0.012809733,0.07028044
TCGA-E9-A1RB-11,0.01099335,0.03743302
TCGA-E9-A1RC-01,-0.0058577945,-0.03624898
TCGA-E9-A1RC-11,-0.015420256,-0.033378802
TCGA-E9-A1RD-01,-0.03003463,0.030347181
TCGA-E9-A1RD-11,0.011405382,0.068366714
TCGA-E9-A1RE-01,0.033624515,-0.031687558
TCGA-E9-A1RF-01,0.023304617,-0.010048146
TCGA-E9-A1RF-11,-0.04716879,0.031037763
TCGA-E9-A1RG-01,0.017676333,0.018177195
TCGA-E9-A1RH-01,0.010342567,-0.0061134426
TCGA-E9-A1RH-11,0.0022699554,-0.10532627
TCGA-E9-A1RI-01,-0.0135990465,0.033470266
TCGA-E9-A1RI-11,-0.008907963,0.01753759
TCGA-E9-A226-01,0.060615126,-0.026362222
TCGA-E9-A227-01,0.00024865568,-0.063845985
TCGA-E9-A228-01,-0.0510039,-0.0006556194
TCGA-E9-A229-01,-0.073894694,0.08048888
TCGA-E9-A22A-01,0.027288843,0.00746666
TCGA-E9-A22B-01,-0.039259136,0.04940568
TCGA-E9-A22D-01,0.050728265,-0.0071399505
TCGA-E9-A22E-01,0.028741369,-0.035259597
TCGA-E9-A22G-01,0.013495719,0.014637791
TCGA-E9-A22H-01,0.011034224,-0.08002653
TCGA-E9-A243-01,-0.023082249,-0.009851022
TCGA-E9-A244-01,-0.025246436,-0.0149178635
TCGA-E9-A245-01,-0.011799114,-0.006408621
TCGA-E9-A247-01,-0.017726853,-0.005531592
TCGA-E9-A248-01,0.009657649,0.00032377057
TCGA-E9-A249-01,0.059888728,-0.06348212
TCGA-E9-A24A-01,-0.0031596534,0.035038494
TCGA-E9-A295-01,0.014115522,0.0074022566
TCGA-E9-A2JS-01,-0.020941542,-0.0019529301
TCGA-E9-A2JT-01,-0.008942649,0.053681266
TCGA-E9-A3HO-01,-0.042455956,-0.03295842
TCGA-E9-A3Q9-01,0.035505287,-0.019330528
TCGA-E9-A3QA-01,0.0023332639,0.049281254
TCGA-E9-A3X8-01,0.062517144,0.038853392
TCGA-E9-A54X-01,-0.062451348,0.015971083
TCGA-E9-A54Y-01,-0.042145394,0.0026007257
TCGA-E9-A5FK-01,0.07120094,-0.0037038457
TCGA-E9-A5FL-01,0.026242524,-0.016645385
TCGA-E9-A5UO-01,0.015881767,-0.0013637356
TCGA-E9-A5UP-01,-0.02396742,-0.038562633
TCGA-E9-A6HE-01,-0.034515,0.027844762
TCGA-EW-A1IW-01,-0.06833325,0.0382204
TCGA-EW-A1IX-01,0.00031593427,-0.08931686
TCGA-EW-A1IY-01,0.03985355,-0.07103965
TCGA-EW-A1IZ-01,-0.014926192,0.015495111
TCGA-EW-A1J1-01,-0.013054972,0.0076758047
TCGA-EW-A1J2-01,0.055748377,0.013793703
TCGA-EW-A1J3-01,0.037082385,-0.031616036
TCGA-EW-A1J5-01,0.053729206,-0.034443744
TCGA-EW-A1J6-01,0.0029966151,0.0027514794
TCGA-EW-A1OV-01,-0.036098927,0.00054197107
TCGA-EW-A1OW-01,0.012729889,0.07229862
TCGA-EW-A1OX-01,0.00043447426,-0.033826653
TCGA-EW-A1OY-01,0.048644017,0.0039766235
TCGA-EW-A1OZ-01,0.072923936,0.013578162
TCGA-EW-A1P0-01,-0.06536435,-0.019730907
TCGA-EW-A1P1-01,-0.035909433,0.028832063
TCGA-EW-A1P3-01,-0.022744013,0.004056668
TCGA-EW-A1P4-01,0.041120354,0.0031404486
TCGA-EW-A1P5-01,0.00877978,0.04875043
TCGA-EW-A1P6-01,-0.019155255,-0.059643567
TCGA-EW-A1P7-01,0.025731772,0.022451516
TCGA-EW-A1P8-01,0.017902045,0.017900366
TCGA-EW-A1PA-01,-0.022640023,-0.029359385
TCGA-EW-A1PB-01,0.054796312,-0.019544082
TCGA-EW-A1PC-01,-0.03957936,-0.0036673495
TCGA-EW-A1PD-01,0.0028745392,-0.0036217389
TCGA-EW-A1PE-01,-0.02410493,0.03601085
TCGA-EW-A1PF-01,-0.03708157,-0.05047404
TCGA-EW-A1PG-01,0.008346854,0.012717601
TCGA-EW-A1PH-01,-0.0040715165,0.0015701018
TCGA-EW-A2FR-01,0.039288923,-0.018565256
TCGA-EW-A2FS-01,0.024438059,-0.0053344485
TCGA-EW-A2FV-01,-0.027581451,-0.0012947433
TCGA-EW-A2FW-01,0.0034862421,-0.004192211
TCGA-EW-A3E8-01,0.00023416243,0.009804381
TCGA-EW-A3U0-01,-0.031349584,-0.017756712
TCGA-EW-A423-01,0.009944625,-0.01644162
TCGA-EW-A424-01,0.07468308,-0.012196433
TCGA-EW-A6S9-01,-0.015204899,-0.013905264
TCGA-EW-A6SA-01,0.012204483,0.0036324004
TCGA-EW-A6SB-01,-0.12379736,0.0065183775
TCGA-EW-A6SC-01,-0.036069565,0.014068887
TCGA-EW-A6SD-01,-0.014419051,0.005219631
TCGA-GI-A2C8-01,-0.02822804,0.040143706
TCGA-GI-A2C8-11,-0.02720419,-0.15770273
TCGA-GI-A2C9-01,-0.011930797,0.00083295954
TCGA-GI-A2C9-11,-0.015563399,-0.048578337
TCGA-GM-A2D9-01,-0.012350723,0.0220681
TCGA-GM-A2DA-01,-0.055517275,0.09302953
TCGA-GM-A2DB-01,0.012694607,0.02180367
TCGA-GM-A2DC-01,-0.059617423,0.018940922
TCGA-GM-A2DD-01,0.025043655,0.011921763
TCGA-GM-A2DF-01,0.08124489,0.001804336
TCGA-GM-A2DH-01,-0.014867867,0.000106326304
TCGA-GM-A2DI-01,-0.0064280233,0.015441895
TCGA-GM-A2DK-01,-0.0354588,0.03281668
TCGA-GM-A2DL-01,-0.08064255,0.0191403
TCGA-GM-A2DM-01,-0.014439442,0.014760202
TCGA-GM-A2DN-01,-0.015288126,0.060730867
TCGA-GM-A2DO-01,0.024827842,0.03398875
TCGA-GM-A3NW-01,0.00409971,0.0020080851
TCGA-GM-A3NY-01,-0.036983162,-0.02806371
TCGA-GM-A3XG-01,0.011220257,-0.047449827
TCGA-GM-A3XL-01,0.013347822,0.017003726
TCGA-GM-A3XN-01,0.013493478,0.016548906
TCGA-GM-A4E0-01,0.016455773,0.014546316
TCGA-GM-A5PV-01,0.015629262,0.011789696
TCGA-GM-A5PX-01,-0.01887346,-0.003072868
TCGA-HN-A2NL-01,0.018905722,-0.026130864
TCGA-HN-A2OB-01,-0.10080966,-0.00049610855
TCGA-JL-A3YW-01,-0.030140921,-0.014578301
TCGA-JL-A3YX-01,-0.0134993065,-0.0075046085
TCGA-LD-A66U-01,-0.0038417652,0.013935909
TCGA-LD-A74U-01,0.042139936,0.028010294
TCGA-LD-A7W5-01,0.02579045,-0.025130697
TCGA-LD-A7W6-01,0.006789866,-0.01621124
TCGA-LD-A9QF-01,0.043444008,0.016408568
TCGA-LL-A440-01,-0.02274257,-0.0017471155
TCGA-LL-A441-01,-0.027181307,0.042925455
TCGA-LL-A442-01,-0.0067382595,-0.026469659
TCGA-LL-A50Y-01,-0.03187169,0.0004909737
TCGA-LL-A5YL-01,0.018592896,0.07751181
TCGA-LL-A5YM-01,0.044957206,0.017081156
TCGA-LL-A5YN-01,0.06908512,0.048979416
TCGA-LL-A5YO-01,0.0410162,-0.023273803
TCGA-LL-A5YP-01,-0.02041132,-0.075088926
TCGA-LL-A6FP-01,0.0032839396,0.0061642188
TCGA-LL-A6FQ-01,0.028720314,0.07718263
TCGA-LL-A6FR-01,0.005713685,-0.034808848
TCGA-LL-A73Y-01,-0.021065861,-0.0172166
TCGA-LL-A73Z-01,-0.06657887,0.04054462
TCGA-LL-A740-01,0.026782908,0.030832754
TCGA-LL-A7SZ-01,0.025460543,0.0038902354
TCGA-LL-A7T0-01,0.033190444,0.038888473
TCGA-LL-A8F5-01,0.012517307,-0.009253554
TCGA-LL-A9Q3-01,0.03871143,0.062157143
TCGA-LQ-A4E4-01,0.07930839,-0.009327669
TCGA-MS-A51U-01,0.012412805,-0.03559749
TCGA-OK-A5Q2-01,-0.009838611,-0.021885632
TCGA-OL-A5D6-01,-0.0004405845,0.0039918683
TCGA-OL-A5D7-01,0.033459485,0.002725715
TCGA-OL-A5D8-01,-0.14138854,-0.036848783
TCGA-OL-A5DA-01,0.008429597,-0.022365574
TCGA-OL-A5RU-01,-0.069586344,-0.016204998
TCGA-OL-A5RV-01,0.043462157,-0.010402586
TCGA-OL-A5RW-01,-0.020376343,0.14964366
TCGA-OL-A5RX-01,-0.036406424,0.019682182
TCGA-OL-A5RY-01,-0.05679474,0.016139591
TCGA-OL-A5RZ-01,-0.08357667,0.008440008
TCGA-OL-A5S0-01,-0.015880875,0.0014180783
TCGA-OL-A66I-01,0.009333964,-0.014951335
TCGA-OL-A66J-01,0.026021456,-0.028869051
TCGA-OL-A66K-01,0.014799874,-0.004372722
TCGA-OL-A66L-01,-0.035631537,0.054538377
TCGA-OL-A66N-01,-0.016824994,-0.016685918
TCGA-OL-A66O-01,-0.031375226,0.025107823
TCGA-OL-A66P-01,-0.058490083,-0.092891425
TCGA-OL-A6VO-01,0.00811813,0.008311227
TCGA-OL-A6VQ-01,-0.008132978,-0.009786774
TCGA-OL-A6VR-01,-0.0151945185,-0.05715501
TCGA-OL-A97C-01,0.019392516,0.039360266
TCGA-PE-A5DC-01,0.069856904,-0.013377389
TCGA-PE-A5DD-01,0.0038543374,0.023679215
TCGA-PE-A5DE-01,-0.020500878,-0.02235954
TCGA-PL-A8LX-01,0.040327527,0.0654837
TCGA-PL-A8LY-01,0.04511509,-0.019409286
TCGA-PL-A8LZ-01,-0.012554748,0.033270866
TCGA-S3-A6ZF-01,-0.049971852,0.12219231
TCGA-S3-A6ZG-01,0.015005149,-0.055680107
TCGA-S3-A6ZH-01,0.027171502,0.00059273373
TCGA-S3-AA0Z-01,0.003173924,0.008509817
TCGA-S3-AA10-01,0.05937784,-0.005356522
TCGA-S3-AA11-01,-0.027062103,0.012641357
TCGA-S3-AA12-01,-0.015247011,0.034063295
TCGA-S3-AA14-01,-0.00016940851,-0.00078945234
TCGA-S3-AA15-01,-0.014826909,-0.027886685
TCGA-S3-AA17-01,0.013893684,0.005262303
TCGA-UL-AAZ6-01,0.01908228,0.013117809
TCGA-UU-A93S-01,-0.005856123,-0.012427529
TCGA-V7-A7HQ-01,-0.00086836517,0.020550456
TCGA-W8-A86G-01,0.061774697,-0.007814826
TCGA-WT-AB41-01,-0.038715024,-0.014284734
TCGA-WT-AB44-01,0.021710515,-0.029376902
TCGA-XX-A899-01,0.02730122,0.001236721
TCGA-XX-A89A-01,0.045403115,0.008678348
TCGA-Z7-A8R5-01,-0.047831517,0.0402118
TCGA-Z7-A8R6-01,0.0043779197,0.00085128774
